Año;Fecha;Nombre Categoría;Nombre Subcategoria;Nombre SubCategoria 2;Código Producto;Nombre Producto;Nombre Corto Unidad de Negocio;Código Local;Nombre Local;Cantidad Items;Venta Neta;Costo Total de Venta
2020;01/02/2020;SHAMPOO ACONDICIONADOR Y TRATAMIENTO;SHAMPOO COSMETICOS;SHAMPOO CABELLO IL SALONE;100147244;SHAMPOO IL SALONE MAGNIFICENT 500 ML;FYBECA;15;FYBECA CORUÑA;2;"56,9999976";"59,584"
2020;01/02/2020;SHAMPOO ACONDICIONADOR Y TRATAMIENTO;SHAMPOO COSMETICOS;SHAMPOO CABELLO IL SALONE;100147244;SHAMPOO IL SALONE MAGNIFICENT 500 ML;FYBECA;25;FYBECA CUMBAYA;1;"28,4999988";"29,792"
2020;01/02/2020;SHAMPOO ACONDICIONADOR Y TRATAMIENTO;SHAMPOO COSMETICOS;SHAMPOO CABELLO IL SALONE;100147244;SHAMPOO IL SALONE MAGNIFICENT 500 ML;FYBECA;60;FYBECA MALL DEL SOL;4;"113,9999952";"119,168"
2020;01/02/2020;SHAMPOO ACONDICIONADOR Y TRATAMIENTO;SHAMPOO COSMETICOS;SHAMPOO CABELLO IL SALONE;100147244;SHAMPOO IL SALONE MAGNIFICENT 500 ML;FYBECA;94;FYBECA GONZALEZ SUAREZ;1;"28,4999988";"29,792"
2020;01/02/2020;SHAMPOO ACONDICIONADOR Y TRATAMIENTO;SHAMPOO COSMETICOS;SHAMPOO CABELLO IL SALONE;100147244;SHAMPOO IL SALONE MAGNIFICENT 500 ML;FYBECA;141;FYBECA REMIGIO CRESPO;1;"28,4999988";"29,792"
2020;01/02/2020;SHAMPOO ACONDICIONADOR Y TRATAMIENTO;SHAMPOO COSMETICOS;SHAMPOO CABELLO IL SALONE;100147244;SHAMPOO IL SALONE MAGNIFICENT 500 ML;FYBECA;772;FYBECA TEBAIDA;1;"28,4999988";"29,792"
2020;01/02/2020;SHAMPOO ACONDICIONADOR Y TRATAMIENTO;SHAMPOO COSMETICOS;SHAMPOO CABELLO IL SALONE;100147244;SHAMPOO IL SALONE MAGNIFICENT 500 ML;FYBECA;1432;FYBECA CHILE Y CAÑAR;2;"56,9999976";"59,584"
2020;01/02/2020;SHAMPOO ACONDICIONADOR Y TRATAMIENTO;SHAMPOO COSMETICOS;SHAMPOO CABELLO IL SALONE;100147244;SHAMPOO IL SALONE MAGNIFICENT 500 ML;FYBECA;1505;FYBECA EL CONDADO;1;"28,4999988";"29,792"
2020;01/02/2020;SHAMPOO ACONDICIONADOR Y TRATAMIENTO;SHAMPOO COSMETICOS;SHAMPOO CABELLO IL SALONE;100147244;SHAMPOO IL SALONE MAGNIFICENT 500 ML;FYBECA;1914;FYBECA PASEO SAN FRANCISCO;1;"28,4999988";"29,792"
2020;01/02/2020;SHAMPOO ACONDICIONADOR Y TRATAMIENTO;SHAMPOO COSMETICOS;SHAMPOO CABELLO IL SALONE;100147244;SHAMPOO IL SALONE MAGNIFICENT 500 ML;FYBECA;71841;FYBECA SANTO DOMINGO;1;"28,4999988";"29,792"
2020;02/02/2020;SHAMPOO ACONDICIONADOR Y TRATAMIENTO;SHAMPOO COSMETICOS;SHAMPOO CABELLO IL SALONE;100147244;SHAMPOO IL SALONE MAGNIFICENT 500 ML;FYBECA;95;FYBECA LOS MANGOS;1;"37,2499988";"29,792"
2020;03/02/2020;SHAMPOO ACONDICIONADOR Y TRATAMIENTO;SHAMPOO COSMETICOS;SHAMPOO CABELLO IL SALONE;100147244;SHAMPOO IL SALONE MAGNIFICENT 500 ML;FYBECA;60;FYBECA MALL DEL SOL;1;"37,2499988";"29,792"
2020;03/02/2020;SHAMPOO ACONDICIONADOR Y TRATAMIENTO;SHAMPOO COSMETICOS;SHAMPOO CABELLO IL SALONE;100147244;SHAMPOO IL SALONE MAGNIFICENT 500 ML;FYBECA;80;FYBECA EL VERGEL;1;"38,0000012";"29,792"
2020;03/02/2020;SHAMPOO ACONDICIONADOR Y TRATAMIENTO;SHAMPOO COSMETICOS;SHAMPOO CABELLO IL SALONE;100147244;SHAMPOO IL SALONE MAGNIFICENT 500 ML;FYBECA;631;FYBECA GRANADOS;1;"37,2499988";"29,792"
2020;03/02/2020;SHAMPOO ACONDICIONADOR Y TRATAMIENTO;SHAMPOO COSMETICOS;SHAMPOO CABELLO IL SALONE;100147244;SHAMPOO IL SALONE MAGNIFICENT 500 ML;FYBECA;1901;FYBECA SCALA;1;"37,2499988";"29,792"
2020;04/02/2020;SHAMPOO ACONDICIONADOR Y TRATAMIENTO;SHAMPOO COSMETICOS;SHAMPOO CABELLO IL SALONE;100147244;SHAMPOO IL SALONE MAGNIFICENT 500 ML;FYBECA;17;FYBECA PLAZA DE TOROS;1;"37,2499988";"29,792"
2020;04/02/2020;SHAMPOO ACONDICIONADOR Y TRATAMIENTO;SHAMPOO COSMETICOS;SHAMPOO CABELLO IL SALONE;100147244;SHAMPOO IL SALONE MAGNIFICENT 500 ML;FYBECA;94;FYBECA GONZALEZ SUAREZ;1;"37,2499988";"29,792"
2020;04/02/2020;SHAMPOO ACONDICIONADOR Y TRATAMIENTO;SHAMPOO COSMETICOS;SHAMPOO CABELLO IL SALONE;100147244;SHAMPOO IL SALONE MAGNIFICENT 500 ML;FYBECA;1901;FYBECA SCALA;1;"37,2499988";"29,792"
2020;04/02/2020;SHAMPOO ACONDICIONADOR Y TRATAMIENTO;SHAMPOO COSMETICOS;SHAMPOO CABELLO IL SALONE;100147244;SHAMPOO IL SALONE MAGNIFICENT 500 ML;FYBECA;2056;FYBECA CHIMBORAZO;1;"37,2499988";"29,792"
2020;05/02/2020;SHAMPOO ACONDICIONADOR Y TRATAMIENTO;SHAMPOO COSMETICOS;SHAMPOO CABELLO IL SALONE;100147244;SHAMPOO IL SALONE MAGNIFICENT 500 ML;FYBECA;84;FYBECA MANICENTRO;2;"57,0000004";"59,584"
2020;05/02/2020;SHAMPOO ACONDICIONADOR Y TRATAMIENTO;SHAMPOO COSMETICOS;SHAMPOO CABELLO IL SALONE;100147244;SHAMPOO IL SALONE MAGNIFICENT 500 ML;FYBECA;140;FYBECA SAN MARINO;1;"37,2499988";"29,792"
2020;05/02/2020;SHAMPOO ACONDICIONADOR Y TRATAMIENTO;SHAMPOO COSMETICOS;SHAMPOO CABELLO IL SALONE;100147244;SHAMPOO IL SALONE MAGNIFICENT 500 ML;FYBECA;1271;FYBECA SAN LUIS SHOPPING;1;"37,2499988";"29,792"
2020;05/02/2020;SHAMPOO ACONDICIONADOR Y TRATAMIENTO;SHAMPOO COSMETICOS;SHAMPOO CABELLO IL SALONE;100147244;SHAMPOO IL SALONE MAGNIFICENT 500 ML;FYBECA;1461;FYBECA SAN RAFAEL;0;0;0
2020;06/02/2020;SHAMPOO ACONDICIONADOR Y TRATAMIENTO;SHAMPOO COSMETICOS;SHAMPOO CABELLO IL SALONE;100147244;SHAMPOO IL SALONE MAGNIFICENT 500 ML;FYBECA;3;FYBECA C.C.I.;1;"37,2499988";"29,792"
2020;06/02/2020;SHAMPOO ACONDICIONADOR Y TRATAMIENTO;SHAMPOO COSMETICOS;SHAMPOO CABELLO IL SALONE;100147244;SHAMPOO IL SALONE MAGNIFICENT 500 ML;FYBECA;33;FYBECA EL INCA;1;"37,2499988";"29,792"
2020;06/02/2020;SHAMPOO ACONDICIONADOR Y TRATAMIENTO;SHAMPOO COSMETICOS;SHAMPOO CABELLO IL SALONE;100147244;SHAMPOO IL SALONE MAGNIFICENT 500 ML;FYBECA;141;FYBECA REMIGIO CRESPO;2;"57,0000004";"59,584"
2020;07/02/2020;SHAMPOO ACONDICIONADOR Y TRATAMIENTO;SHAMPOO COSMETICOS;SHAMPOO CABELLO IL SALONE;100147244;SHAMPOO IL SALONE MAGNIFICENT 500 ML;FYBECA;1;FYBECA BATAN;2;"49,3999996";"59,584"
2020;07/02/2020;SHAMPOO ACONDICIONADOR Y TRATAMIENTO;SHAMPOO COSMETICOS;SHAMPOO CABELLO IL SALONE;100147244;SHAMPOO IL SALONE MAGNIFICENT 500 ML;FYBECA;58;FYBECA LOS CEIBOS;1;"37,2499988";"29,792"
2020;07/02/2020;SHAMPOO ACONDICIONADOR Y TRATAMIENTO;SHAMPOO COSMETICOS;SHAMPOO CABELLO IL SALONE;100147244;SHAMPOO IL SALONE MAGNIFICENT 500 ML;FYBECA;93;FYBECA BOLIVAR;2;"57,0000004";"59,584"
2020;07/02/2020;SHAMPOO ACONDICIONADOR Y TRATAMIENTO;SHAMPOO COSMETICOS;SHAMPOO CABELLO IL SALONE;100147244;SHAMPOO IL SALONE MAGNIFICENT 500 ML;FYBECA;631;FYBECA GRANADOS;2;"57,0000004";"59,584"
2020;08/02/2020;SHAMPOO ACONDICIONADOR Y TRATAMIENTO;SHAMPOO COSMETICOS;SHAMPOO CABELLO IL SALONE;100147244;SHAMPOO IL SALONE MAGNIFICENT 500 ML;FYBECA;25;FYBECA CUMBAYA;1;"37,2499988";"29,792"
2020;08/02/2020;SHAMPOO ACONDICIONADOR Y TRATAMIENTO;SHAMPOO COSMETICOS;SHAMPOO CABELLO IL SALONE;100147244;SHAMPOO IL SALONE MAGNIFICENT 500 ML;FYBECA;1505;FYBECA EL CONDADO;2;"49,3999996";"59,584"
2020;08/02/2020;SHAMPOO ACONDICIONADOR Y TRATAMIENTO;SHAMPOO COSMETICOS;SHAMPOO CABELLO IL SALONE;100147244;SHAMPOO IL SALONE MAGNIFICENT 500 ML;FYBECA;1538;FYBECA VILLA CLUB;2;"57,0000004";"59,584"
2020;09/02/2020;SHAMPOO ACONDICIONADOR Y TRATAMIENTO;SHAMPOO COSMETICOS;SHAMPOO CABELLO IL SALONE;100147244;SHAMPOO IL SALONE MAGNIFICENT 500 ML;FYBECA;4;FYBECA LA LUZ;1;"37,2499988";"29,792"
2020;09/02/2020;SHAMPOO ACONDICIONADOR Y TRATAMIENTO;SHAMPOO COSMETICOS;SHAMPOO CABELLO IL SALONE;100147244;SHAMPOO IL SALONE MAGNIFICENT 500 ML;FYBECA;19;FYBECA QUICENTRO;1;"37,2499988";"29,792"
2020;09/02/2020;SHAMPOO ACONDICIONADOR Y TRATAMIENTO;SHAMPOO COSMETICOS;SHAMPOO CABELLO IL SALONE;100147244;SHAMPOO IL SALONE MAGNIFICENT 500 ML;FYBECA;94;FYBECA GONZALEZ SUAREZ;1;"37,2499988";"29,792"
2020;09/02/2020;SHAMPOO ACONDICIONADOR Y TRATAMIENTO;SHAMPOO COSMETICOS;SHAMPOO CABELLO IL SALONE;100147244;SHAMPOO IL SALONE MAGNIFICENT 500 ML;FYBECA;141;FYBECA REMIGIO CRESPO;1;"37,2499988";"29,792"
2020;09/02/2020;SHAMPOO ACONDICIONADOR Y TRATAMIENTO;SHAMPOO COSMETICOS;SHAMPOO CABELLO IL SALONE;100147244;SHAMPOO IL SALONE MAGNIFICENT 500 ML;FYBECA;1271;FYBECA SAN LUIS SHOPPING;2;"57,0000004";"59,584"
2020;09/02/2020;SHAMPOO ACONDICIONADOR Y TRATAMIENTO;SHAMPOO COSMETICOS;SHAMPOO CABELLO IL SALONE;100147244;SHAMPOO IL SALONE MAGNIFICENT 500 ML;FYBECA;1914;FYBECA PASEO SAN FRANCISCO;1;"37,2499988";"29,792"
2020;10/02/2020;SHAMPOO ACONDICIONADOR Y TRATAMIENTO;SHAMPOO COSMETICOS;SHAMPOO CABELLO IL SALONE;100147244;SHAMPOO IL SALONE MAGNIFICENT 500 ML;FYBECA;9;FYBECA BACA ORTIZ;1;"37,2499988";"29,792"
2020;10/02/2020;SHAMPOO ACONDICIONADOR Y TRATAMIENTO;SHAMPOO COSMETICOS;SHAMPOO CABELLO IL SALONE;100147244;SHAMPOO IL SALONE MAGNIFICENT 500 ML;FYBECA;60;FYBECA MALL DEL SOL;1;"37,2499988";"29,792"
2020;10/02/2020;SHAMPOO ACONDICIONADOR Y TRATAMIENTO;SHAMPOO COSMETICOS;SHAMPOO CABELLO IL SALONE;100147244;SHAMPOO IL SALONE MAGNIFICENT 500 ML;FYBECA;531;FYBECA LA PLAZA IBARRA;1;"37,2499988";"29,792"
2020;10/02/2020;SHAMPOO ACONDICIONADOR Y TRATAMIENTO;SHAMPOO COSMETICOS;SHAMPOO CABELLO IL SALONE;100147244;SHAMPOO IL SALONE MAGNIFICENT 500 ML;FYBECA;631;FYBECA GRANADOS;2;"57,0000004";"59,584"
2020;10/02/2020;SHAMPOO ACONDICIONADOR Y TRATAMIENTO;SHAMPOO COSMETICOS;SHAMPOO CABELLO IL SALONE;100147244;SHAMPOO IL SALONE MAGNIFICENT 500 ML;FYBECA;651;FYBECA MACHALA;1;"37,2499988";"29,792"
2020;11/02/2020;SHAMPOO ACONDICIONADOR Y TRATAMIENTO;SHAMPOO COSMETICOS;SHAMPOO CABELLO IL SALONE;100147244;SHAMPOO IL SALONE MAGNIFICENT 500 ML;FYBECA;3;FYBECA C.C.I.;1;"37,2499988";"29,792"
2020;11/02/2020;SHAMPOO ACONDICIONADOR Y TRATAMIENTO;SHAMPOO COSMETICOS;SHAMPOO CABELLO IL SALONE;100147244;SHAMPOO IL SALONE MAGNIFICENT 500 ML;FYBECA;15;FYBECA CORUÑA;1;"37,2499988";"29,792"
2020;12/02/2020;SHAMPOO ACONDICIONADOR Y TRATAMIENTO;SHAMPOO COSMETICOS;SHAMPOO CABELLO IL SALONE;100147244;SHAMPOO IL SALONE MAGNIFICENT 500 ML;FYBECA;4;FYBECA LA LUZ;1;"37,2499988";"29,792"
2020;12/02/2020;SHAMPOO ACONDICIONADOR Y TRATAMIENTO;SHAMPOO COSMETICOS;SHAMPOO CABELLO IL SALONE;100147244;SHAMPOO IL SALONE MAGNIFICENT 500 ML;FYBECA;12;FYBECA PLAZA DE LAS AMERICAS;1;"37,2499988";"29,792"
2020;12/02/2020;SHAMPOO ACONDICIONADOR Y TRATAMIENTO;SHAMPOO COSMETICOS;SHAMPOO CABELLO IL SALONE;100147244;SHAMPOO IL SALONE MAGNIFICENT 500 ML;FYBECA;140;FYBECA SAN MARINO;1;"37,2499988";"29,792"
2020;12/02/2020;SHAMPOO ACONDICIONADOR Y TRATAMIENTO;SHAMPOO COSMETICOS;SHAMPOO CABELLO IL SALONE;100147244;SHAMPOO IL SALONE MAGNIFICENT 500 ML;FYBECA;531;FYBECA LA PLAZA IBARRA;1;"37,2499988";"29,792"
2020;13/02/2020;SHAMPOO ACONDICIONADOR Y TRATAMIENTO;SHAMPOO COSMETICOS;SHAMPOO CABELLO IL SALONE;100147244;SHAMPOO IL SALONE MAGNIFICENT 500 ML;FYBECA;34;FYBECA VENTURA MALL;1;"37,2499988";"29,792"
2020;13/02/2020;SHAMPOO ACONDICIONADOR Y TRATAMIENTO;SHAMPOO COSMETICOS;SHAMPOO CABELLO IL SALONE;100147244;SHAMPOO IL SALONE MAGNIFICENT 500 ML;FYBECA;671;FYBECA MALL DEL SUR;1;"37,2499988";"29,792"
2020;13/02/2020;SHAMPOO ACONDICIONADOR Y TRATAMIENTO;SHAMPOO COSMETICOS;SHAMPOO CABELLO IL SALONE;100147244;SHAMPOO IL SALONE MAGNIFICENT 500 ML;FYBECA;1811;FYBECA CITY MALL;2;"57,0000004";"59,584"
2020;14/02/2020;SHAMPOO ACONDICIONADOR Y TRATAMIENTO;SHAMPOO COSMETICOS;SHAMPOO CABELLO IL SALONE;100147244;SHAMPOO IL SALONE MAGNIFICENT 500 ML;FYBECA;1914;FYBECA PASEO SAN FRANCISCO;1;"37,2499988";"29,792"
2020;14/02/2020;SHAMPOO ACONDICIONADOR Y TRATAMIENTO;SHAMPOO COSMETICOS;SHAMPOO CABELLO IL SALONE;100147244;SHAMPOO IL SALONE MAGNIFICENT 500 ML;FYBECA;71879;FYBECA EL PORTAL SHOPPING;1;"37,2499988";"29,792"
2020;15/02/2020;SHAMPOO ACONDICIONADOR Y TRATAMIENTO;SHAMPOO COSMETICOS;SHAMPOO CABELLO IL SALONE;100147244;SHAMPOO IL SALONE MAGNIFICENT 500 ML;FYBECA;45;FYBECA ALBORADA;1;"37,2499988";"29,792"
2020;15/02/2020;SHAMPOO ACONDICIONADOR Y TRATAMIENTO;SHAMPOO COSMETICOS;SHAMPOO CABELLO IL SALONE;100147244;SHAMPOO IL SALONE MAGNIFICENT 500 ML;FYBECA;60;FYBECA MALL DEL SOL;1;"37,2499988";"29,792"
2020;15/02/2020;SHAMPOO ACONDICIONADOR Y TRATAMIENTO;SHAMPOO COSMETICOS;SHAMPOO CABELLO IL SALONE;100147244;SHAMPOO IL SALONE MAGNIFICENT 500 ML;FYBECA;84;FYBECA MANICENTRO;1;"37,2499988";"29,792"
2020;15/02/2020;SHAMPOO ACONDICIONADOR Y TRATAMIENTO;SHAMPOO COSMETICOS;SHAMPOO CABELLO IL SALONE;100147244;SHAMPOO IL SALONE MAGNIFICENT 500 ML;FYBECA;95;FYBECA LOS MANGOS;2;"74,4999976";"59,584"
2020;15/02/2020;SHAMPOO ACONDICIONADOR Y TRATAMIENTO;SHAMPOO COSMETICOS;SHAMPOO CABELLO IL SALONE;100147244;SHAMPOO IL SALONE MAGNIFICENT 500 ML;FYBECA;1271;FYBECA SAN LUIS SHOPPING;2;"57,0000004";"59,584"
2020;15/02/2020;SHAMPOO ACONDICIONADOR Y TRATAMIENTO;SHAMPOO COSMETICOS;SHAMPOO CABELLO IL SALONE;100147244;SHAMPOO IL SALONE MAGNIFICENT 500 ML;FYBECA;71879;FYBECA EL PORTAL SHOPPING;1;"37,2499988";"29,792"
2020;16/02/2020;SHAMPOO ACONDICIONADOR Y TRATAMIENTO;SHAMPOO COSMETICOS;SHAMPOO CABELLO IL SALONE;100147244;SHAMPOO IL SALONE MAGNIFICENT 500 ML;FYBECA;94;FYBECA GONZALEZ SUAREZ;3;"94,2499992";"89,376"
2020;16/02/2020;SHAMPOO ACONDICIONADOR Y TRATAMIENTO;SHAMPOO COSMETICOS;SHAMPOO CABELLO IL SALONE;100147244;SHAMPOO IL SALONE MAGNIFICENT 500 ML;FYBECA;140;FYBECA SAN MARINO;2;"57,0000004";"59,584"
2020;17/02/2020;SHAMPOO ACONDICIONADOR Y TRATAMIENTO;SHAMPOO COSMETICOS;SHAMPOO CABELLO IL SALONE;100147244;SHAMPOO IL SALONE MAGNIFICENT 500 ML;FYBECA;1;FYBECA BATAN;1;"37,2499988";"29,792"
2020;17/02/2020;SHAMPOO ACONDICIONADOR Y TRATAMIENTO;SHAMPOO COSMETICOS;SHAMPOO CABELLO IL SALONE;100147244;SHAMPOO IL SALONE MAGNIFICENT 500 ML;FYBECA;84;FYBECA MANICENTRO;1;"37,2499988";"29,792"
2020;17/02/2020;SHAMPOO ACONDICIONADOR Y TRATAMIENTO;SHAMPOO COSMETICOS;SHAMPOO CABELLO IL SALONE;100147244;SHAMPOO IL SALONE MAGNIFICENT 500 ML;FYBECA;141;FYBECA REMIGIO CRESPO;1;"37,2499988";"29,792"
2020;17/02/2020;SHAMPOO ACONDICIONADOR Y TRATAMIENTO;SHAMPOO COSMETICOS;SHAMPOO CABELLO IL SALONE;100147244;SHAMPOO IL SALONE MAGNIFICENT 500 ML;FYBECA;148;FYBECA AMAZONAS;2;"57,0000004";"59,584"
2020;17/02/2020;SHAMPOO ACONDICIONADOR Y TRATAMIENTO;SHAMPOO COSMETICOS;SHAMPOO CABELLO IL SALONE;100147244;SHAMPOO IL SALONE MAGNIFICENT 500 ML;FYBECA;1810;FYBECA RANCHO SAN FRANCISCO;1;"37,2499988";"29,792"
2020;18/02/2020;SHAMPOO ACONDICIONADOR Y TRATAMIENTO;SHAMPOO COSMETICOS;SHAMPOO CABELLO IL SALONE;100147244;SHAMPOO IL SALONE MAGNIFICENT 500 ML;FYBECA;19;FYBECA QUICENTRO;1;"37,2499988";"29,792"
2020;18/02/2020;SHAMPOO ACONDICIONADOR Y TRATAMIENTO;SHAMPOO COSMETICOS;SHAMPOO CABELLO IL SALONE;100147244;SHAMPOO IL SALONE MAGNIFICENT 500 ML;FYBECA;94;FYBECA GONZALEZ SUAREZ;2;"57,0000004";"59,584"
2020;18/02/2020;SHAMPOO ACONDICIONADOR Y TRATAMIENTO;SHAMPOO COSMETICOS;SHAMPOO CABELLO IL SALONE;100147244;SHAMPOO IL SALONE MAGNIFICENT 500 ML;FYBECA;95;FYBECA LOS MANGOS;1;"37,2499988";"29,792"
2020;18/02/2020;SHAMPOO ACONDICIONADOR Y TRATAMIENTO;SHAMPOO COSMETICOS;SHAMPOO CABELLO IL SALONE;100147244;SHAMPOO IL SALONE MAGNIFICENT 500 ML;FYBECA;631;FYBECA GRANADOS;1;"37,2499988";"29,792"
2020;18/02/2020;SHAMPOO ACONDICIONADOR Y TRATAMIENTO;SHAMPOO COSMETICOS;SHAMPOO CABELLO IL SALONE;100147244;SHAMPOO IL SALONE MAGNIFICENT 500 ML;FYBECA;772;FYBECA TEBAIDA;1;"37,2499988";"29,792"
2020;19/02/2020;SHAMPOO ACONDICIONADOR Y TRATAMIENTO;SHAMPOO COSMETICOS;SHAMPOO CABELLO IL SALONE;100147244;SHAMPOO IL SALONE MAGNIFICENT 500 ML;FYBECA;1;FYBECA BATAN;1;"37,2499988";"29,792"
2020;19/02/2020;SHAMPOO ACONDICIONADOR Y TRATAMIENTO;SHAMPOO COSMETICOS;SHAMPOO CABELLO IL SALONE;100147244;SHAMPOO IL SALONE MAGNIFICENT 500 ML;FYBECA;17;FYBECA PLAZA DE TOROS;1;"37,2499988";"29,792"
2020;19/02/2020;SHAMPOO ACONDICIONADOR Y TRATAMIENTO;SHAMPOO COSMETICOS;SHAMPOO CABELLO IL SALONE;100147244;SHAMPOO IL SALONE MAGNIFICENT 500 ML;FYBECA;84;FYBECA MANICENTRO;2;"74,4999976";"59,584"
2020;19/02/2020;SHAMPOO ACONDICIONADOR Y TRATAMIENTO;SHAMPOO COSMETICOS;SHAMPOO CABELLO IL SALONE;100147244;SHAMPOO IL SALONE MAGNIFICENT 500 ML;FYBECA;148;FYBECA AMAZONAS;1;"37,2499988";"29,792"
2020;19/02/2020;SHAMPOO ACONDICIONADOR Y TRATAMIENTO;SHAMPOO COSMETICOS;SHAMPOO CABELLO IL SALONE;100147244;SHAMPOO IL SALONE MAGNIFICENT 500 ML;FYBECA;772;FYBECA TEBAIDA;1;"37,2499988";"29,792"
2020;19/02/2020;SHAMPOO ACONDICIONADOR Y TRATAMIENTO;SHAMPOO COSMETICOS;SHAMPOO CABELLO IL SALONE;100147244;SHAMPOO IL SALONE MAGNIFICENT 500 ML;FYBECA;1538;FYBECA VILLA CLUB;1;"37,2499988";"29,792"
2020;19/02/2020;SHAMPOO ACONDICIONADOR Y TRATAMIENTO;SHAMPOO COSMETICOS;SHAMPOO CABELLO IL SALONE;100147244;SHAMPOO IL SALONE MAGNIFICENT 500 ML;FYBECA;1914;FYBECA PASEO SAN FRANCISCO;2;"74,4999976";"59,584"
2020;19/02/2020;SHAMPOO ACONDICIONADOR Y TRATAMIENTO;SHAMPOO COSMETICOS;SHAMPOO CABELLO IL SALONE;100147244;SHAMPOO IL SALONE MAGNIFICENT 500 ML;FYBECA;2075;FYBECA LAS MONJAS;2;"57,0000004";"59,584"
2020;20/02/2020;SHAMPOO ACONDICIONADOR Y TRATAMIENTO;SHAMPOO COSMETICOS;SHAMPOO CABELLO IL SALONE;100147244;SHAMPOO IL SALONE MAGNIFICENT 500 ML;FYBECA;95;FYBECA LOS MANGOS;1;"37,2499988";"29,792"
2020;20/02/2020;SHAMPOO ACONDICIONADOR Y TRATAMIENTO;SHAMPOO COSMETICOS;SHAMPOO CABELLO IL SALONE;100147244;SHAMPOO IL SALONE MAGNIFICENT 500 ML;FYBECA;772;FYBECA TEBAIDA;1;"37,2499988";"29,792"
2020;20/02/2020;SHAMPOO ACONDICIONADOR Y TRATAMIENTO;SHAMPOO COSMETICOS;SHAMPOO CABELLO IL SALONE;100147244;SHAMPOO IL SALONE MAGNIFICENT 500 ML;FYBECA;1505;FYBECA EL CONDADO;2;"74,4999976";"59,584"
2020;21/02/2020;SHAMPOO ACONDICIONADOR Y TRATAMIENTO;SHAMPOO COSMETICOS;SHAMPOO CABELLO IL SALONE;100147244;SHAMPOO IL SALONE MAGNIFICENT 500 ML;FYBECA;80;FYBECA EL VERGEL;1;"37,2499988";"29,792"
2020;21/02/2020;SHAMPOO ACONDICIONADOR Y TRATAMIENTO;SHAMPOO COSMETICOS;SHAMPOO CABELLO IL SALONE;100147244;SHAMPOO IL SALONE MAGNIFICENT 500 ML;FYBECA;84;FYBECA MANICENTRO;1;"37,2499988";"29,792"
2020;21/02/2020;SHAMPOO ACONDICIONADOR Y TRATAMIENTO;SHAMPOO COSMETICOS;SHAMPOO CABELLO IL SALONE;100147244;SHAMPOO IL SALONE MAGNIFICENT 500 ML;FYBECA;141;FYBECA REMIGIO CRESPO;1;"37,2499988";"29,792"
2020;21/02/2020;SHAMPOO ACONDICIONADOR Y TRATAMIENTO;SHAMPOO COSMETICOS;SHAMPOO CABELLO IL SALONE;100147244;SHAMPOO IL SALONE MAGNIFICENT 500 ML;FYBECA;631;FYBECA GRANADOS;1;"37,2499988";"29,792"
2020;21/02/2020;SHAMPOO ACONDICIONADOR Y TRATAMIENTO;SHAMPOO COSMETICOS;SHAMPOO CABELLO IL SALONE;100147244;SHAMPOO IL SALONE MAGNIFICENT 500 ML;FYBECA;1462;FYBECA LA PRENSA;2;"57,0000004";"59,584"
2020;21/02/2020;SHAMPOO ACONDICIONADOR Y TRATAMIENTO;SHAMPOO COSMETICOS;SHAMPOO CABELLO IL SALONE;100147244;SHAMPOO IL SALONE MAGNIFICENT 500 ML;FYBECA;1538;FYBECA VILLA CLUB;2;"57,0000004";"59,584"
2020;21/02/2020;SHAMPOO ACONDICIONADOR Y TRATAMIENTO;SHAMPOO COSMETICOS;SHAMPOO CABELLO IL SALONE;100147244;SHAMPOO IL SALONE MAGNIFICENT 500 ML;FYBECA;2056;FYBECA CHIMBORAZO;1;"37,2499988";"29,792"
2020;22/02/2020;SHAMPOO ACONDICIONADOR Y TRATAMIENTO;SHAMPOO COSMETICOS;SHAMPOO CABELLO IL SALONE;100147244;SHAMPOO IL SALONE MAGNIFICENT 500 ML;FYBECA;60;FYBECA MALL DEL SOL;2;"57,0000004";"59,584"
2020;22/02/2020;SHAMPOO ACONDICIONADOR Y TRATAMIENTO;SHAMPOO COSMETICOS;SHAMPOO CABELLO IL SALONE;100147244;SHAMPOO IL SALONE MAGNIFICENT 500 ML;FYBECA;651;FYBECA MACHALA;1;"37,2499988";"29,792"
2020;22/02/2020;SHAMPOO ACONDICIONADOR Y TRATAMIENTO;SHAMPOO COSMETICOS;SHAMPOO CABELLO IL SALONE;100147244;SHAMPOO IL SALONE MAGNIFICENT 500 ML;FYBECA;1901;FYBECA SCALA;2;"57,0000004";"59,584"
2020;24/02/2020;SHAMPOO ACONDICIONADOR Y TRATAMIENTO;SHAMPOO COSMETICOS;SHAMPOO CABELLO IL SALONE;100147244;SHAMPOO IL SALONE MAGNIFICENT 500 ML;FYBECA;17;FYBECA PLAZA DE TOROS;1;"30,4000004";"29,792"
2020;25/02/2020;SHAMPOO ACONDICIONADOR Y TRATAMIENTO;SHAMPOO COSMETICOS;SHAMPOO CABELLO IL SALONE;100147244;SHAMPOO IL SALONE MAGNIFICENT 500 ML;FYBECA;1271;FYBECA SAN LUIS SHOPPING;2;"57,0000004";"59,584"
2020;25/02/2020;SHAMPOO ACONDICIONADOR Y TRATAMIENTO;SHAMPOO COSMETICOS;SHAMPOO CABELLO IL SALONE;100147244;SHAMPOO IL SALONE MAGNIFICENT 500 ML;FYBECA;1432;FYBECA CHILE Y CAÑAR;1;"37,2499988";"29,792"
2020;26/02/2020;SHAMPOO ACONDICIONADOR Y TRATAMIENTO;SHAMPOO COSMETICOS;SHAMPOO CABELLO IL SALONE;100147244;SHAMPOO IL SALONE MAGNIFICENT 500 ML;FYBECA;84;FYBECA MANICENTRO;1;"37,2499988";"29,792"
2020;26/02/2020;SHAMPOO ACONDICIONADOR Y TRATAMIENTO;SHAMPOO COSMETICOS;SHAMPOO CABELLO IL SALONE;100147244;SHAMPOO IL SALONE MAGNIFICENT 500 ML;FYBECA;1271;FYBECA SAN LUIS SHOPPING;1;"37,2499988";"29,792"
2020;27/02/2020;SHAMPOO ACONDICIONADOR Y TRATAMIENTO;SHAMPOO COSMETICOS;SHAMPOO CABELLO IL SALONE;100147244;SHAMPOO IL SALONE MAGNIFICENT 500 ML;FYBECA;1505;FYBECA EL CONDADO;4;"114,0000008";"119,168"
2020;27/02/2020;SHAMPOO ACONDICIONADOR Y TRATAMIENTO;SHAMPOO COSMETICOS;SHAMPOO CABELLO IL SALONE;100147244;SHAMPOO IL SALONE MAGNIFICENT 500 ML;FYBECA;1538;FYBECA VILLA CLUB;1;"37,2499988";"29,792"
2020;28/02/2020;SHAMPOO ACONDICIONADOR Y TRATAMIENTO;SHAMPOO COSMETICOS;SHAMPOO CABELLO IL SALONE;100147244;SHAMPOO IL SALONE MAGNIFICENT 500 ML;FYBECA;1;FYBECA BATAN;2;"57,0000004";"59,584"
2020;28/02/2020;SHAMPOO ACONDICIONADOR Y TRATAMIENTO;SHAMPOO COSMETICOS;SHAMPOO CABELLO IL SALONE;100147244;SHAMPOO IL SALONE MAGNIFICENT 500 ML;FYBECA;15;FYBECA CORUÑA;2;"57,0000004";"59,584"
2020;28/02/2020;SHAMPOO ACONDICIONADOR Y TRATAMIENTO;SHAMPOO COSMETICOS;SHAMPOO CABELLO IL SALONE;100147244;SHAMPOO IL SALONE MAGNIFICENT 500 ML;FYBECA;84;FYBECA MANICENTRO;2;"57,0000004";"59,584"
2020;28/02/2020;SHAMPOO ACONDICIONADOR Y TRATAMIENTO;SHAMPOO COSMETICOS;SHAMPOO CABELLO IL SALONE;100147244;SHAMPOO IL SALONE MAGNIFICENT 500 ML;FYBECA;691;FYBECA LA PIAZZA;4;"114,0000008";"119,168"
2020;28/02/2020;SHAMPOO ACONDICIONADOR Y TRATAMIENTO;SHAMPOO COSMETICOS;SHAMPOO CABELLO IL SALONE;100147244;SHAMPOO IL SALONE MAGNIFICENT 500 ML;FYBECA;1734;FYBECA QUICENTRO SUR;1;"37,2499988";"29,792"
2020;28/02/2020;SHAMPOO ACONDICIONADOR Y TRATAMIENTO;SHAMPOO COSMETICOS;SHAMPOO CABELLO IL SALONE;100147244;SHAMPOO IL SALONE MAGNIFICENT 500 ML;FYBECA;1795;FYBECA PIAZZA MACHALA;2;"57,0000004";"59,584"
2020;28/02/2020;SHAMPOO ACONDICIONADOR Y TRATAMIENTO;SHAMPOO COSMETICOS;SHAMPOO CABELLO IL SALONE;100147244;SHAMPOO IL SALONE MAGNIFICENT 500 ML;FYBECA;1901;FYBECA SCALA;1;"37,2499988";"29,792"
2020;29/02/2020;SHAMPOO ACONDICIONADOR Y TRATAMIENTO;SHAMPOO COSMETICOS;SHAMPOO CABELLO IL SALONE;100147244;SHAMPOO IL SALONE MAGNIFICENT 500 ML;FYBECA;95;FYBECA LOS MANGOS;1;"37,2499988";"29,792"
2020;29/02/2020;SHAMPOO ACONDICIONADOR Y TRATAMIENTO;SHAMPOO COSMETICOS;SHAMPOO CABELLO IL SALONE;100147244;SHAMPOO IL SALONE MAGNIFICENT 500 ML;FYBECA;1271;FYBECA SAN LUIS SHOPPING;1;"37,2499988";"29,792"
2020;29/02/2020;SHAMPOO ACONDICIONADOR Y TRATAMIENTO;SHAMPOO COSMETICOS;SHAMPOO CABELLO IL SALONE;100147244;SHAMPOO IL SALONE MAGNIFICENT 500 ML;FYBECA;1770;FYBECA ORELLANA II;1;"37,2499988";"29,792"
2021;01/02/2021;SHAMPOO ACONDICIONADOR Y TRATAMIENTO;SHAMPOO COSMETICOS;SHAMPOO CABELLO IL SALONE;100147244;SHAMPOO IL SALONE MAGNIFICENT 500 ML;FYBECA;772;FYBECA TEBAIDA;1;"26,6";"29,792"
2021;01/02/2021;SHAMPOO ACONDICIONADOR Y TRATAMIENTO;SHAMPOO COSMETICOS;SHAMPOO CABELLO IL SALONE;100147244;SHAMPOO IL SALONE MAGNIFICENT 500 ML;FYBECA;1770;FYBECA ORELLANA II;1;"26,6";"29,792"
2021;02/02/2021;SHAMPOO ACONDICIONADOR Y TRATAMIENTO;SHAMPOO COSMETICOS;SHAMPOO CABELLO IL SALONE;100147244;SHAMPOO IL SALONE MAGNIFICENT 500 ML;FYBECA;4;FYBECA LA LUZ;1;"26,6";"29,792"
2021;02/02/2021;SHAMPOO ACONDICIONADOR Y TRATAMIENTO;SHAMPOO COSMETICOS;SHAMPOO CABELLO IL SALONE;100147244;SHAMPOO IL SALONE MAGNIFICENT 500 ML;FYBECA;58;FYBECA LOS CEIBOS;1;"26,6";"29,792"
2021;03/02/2021;SHAMPOO ACONDICIONADOR Y TRATAMIENTO;SHAMPOO COSMETICOS;SHAMPOO CABELLO IL SALONE;100147244;SHAMPOO IL SALONE MAGNIFICENT 500 ML;FYBECA;1462;FYBECA LA PRENSA;2;"53,2";"59,584"
2021;04/02/2021;SHAMPOO ACONDICIONADOR Y TRATAMIENTO;SHAMPOO COSMETICOS;SHAMPOO CABELLO IL SALONE;100147244;SHAMPOO IL SALONE MAGNIFICENT 500 ML;FYBECA;23;FYBECA SAN GABRIEL;1;"26,6";"29,792"
2021;04/02/2021;SHAMPOO ACONDICIONADOR Y TRATAMIENTO;SHAMPOO COSMETICOS;SHAMPOO CABELLO IL SALONE;100147244;SHAMPOO IL SALONE MAGNIFICENT 500 ML;FYBECA;1505;FYBECA EL CONDADO;1;"26,6";"29,792"
2021;05/02/2021;SHAMPOO ACONDICIONADOR Y TRATAMIENTO;SHAMPOO COSMETICOS;SHAMPOO CABELLO IL SALONE;100147244;SHAMPOO IL SALONE MAGNIFICENT 500 ML;FYBECA;71863;FYBECA ROMERIA PLAZA;1;"26,6";"29,792"
2021;06/02/2021;SHAMPOO ACONDICIONADOR Y TRATAMIENTO;SHAMPOO COSMETICOS;SHAMPOO CABELLO IL SALONE;100147244;SHAMPOO IL SALONE MAGNIFICENT 500 ML;FYBECA;1515;FYBECA ESTACION SUR;1;"26,6";"29,792"
2021;07/02/2021;SHAMPOO ACONDICIONADOR Y TRATAMIENTO;SHAMPOO COSMETICOS;SHAMPOO CABELLO IL SALONE;100147244;SHAMPOO IL SALONE MAGNIFICENT 500 ML;FYBECA;26;FYBECA EL BOSQUE;1;"26,6";"29,792"
2021;07/02/2021;SHAMPOO ACONDICIONADOR Y TRATAMIENTO;SHAMPOO COSMETICOS;SHAMPOO CABELLO IL SALONE;100147244;SHAMPOO IL SALONE MAGNIFICENT 500 ML;FYBECA;1685;FYBECA VILLAGE PLAZA;1;"26,6";"29,792"
2021;08/02/2021;SHAMPOO ACONDICIONADOR Y TRATAMIENTO;SHAMPOO COSMETICOS;SHAMPOO CABELLO IL SALONE;100147244;SHAMPOO IL SALONE MAGNIFICENT 500 ML;FYBECA;15;FYBECA CORUÑA;1;"26,6";"29,792"
2021;09/02/2021;SHAMPOO ACONDICIONADOR Y TRATAMIENTO;SHAMPOO COSMETICOS;SHAMPOO CABELLO IL SALONE;100147244;SHAMPOO IL SALONE MAGNIFICENT 500 ML;FYBECA;12;FYBECA PLAZA DE LAS AMERICAS;1;"26,6";"29,792"
2021;09/02/2021;SHAMPOO ACONDICIONADOR Y TRATAMIENTO;SHAMPOO COSMETICOS;SHAMPOO CABELLO IL SALONE;100147244;SHAMPOO IL SALONE MAGNIFICENT 500 ML;FYBECA;25;FYBECA CUMBAYA;1;"26,6";"29,792"
2021;09/02/2021;SHAMPOO ACONDICIONADOR Y TRATAMIENTO;SHAMPOO COSMETICOS;SHAMPOO CABELLO IL SALONE;100147244;SHAMPOO IL SALONE MAGNIFICENT 500 ML;FYBECA;135;FYBECA GARZOTA 2;1;"26,6";"29,792"
2021;11/02/2021;SHAMPOO ACONDICIONADOR Y TRATAMIENTO;SHAMPOO COSMETICOS;SHAMPOO CABELLO IL SALONE;100147244;SHAMPOO IL SALONE MAGNIFICENT 500 ML;FYBECA;53;FYBECA SUR;1;"26,6";"29,792"
2021;12/02/2021;SHAMPOO ACONDICIONADOR Y TRATAMIENTO;SHAMPOO COSMETICOS;SHAMPOO CABELLO IL SALONE;100147244;SHAMPOO IL SALONE MAGNIFICENT 500 ML;FYBECA;87;FYBECA MALECON;1;"26,6";"29,792"
2021;12/02/2021;SHAMPOO ACONDICIONADOR Y TRATAMIENTO;SHAMPOO COSMETICOS;SHAMPOO CABELLO IL SALONE;100147244;SHAMPOO IL SALONE MAGNIFICENT 500 ML;FYBECA;1735;FYBECA MULTIPLAZA;1;"26,6";"29,792"
2021;12/02/2021;SHAMPOO ACONDICIONADOR Y TRATAMIENTO;SHAMPOO COSMETICOS;SHAMPOO CABELLO IL SALONE;100147244;SHAMPOO IL SALONE MAGNIFICENT 500 ML;FYBECA;1901;FYBECA SCALA;1;"26,6";"29,792"
2021;14/02/2021;SHAMPOO ACONDICIONADOR Y TRATAMIENTO;SHAMPOO COSMETICOS;SHAMPOO CABELLO IL SALONE;100147244;SHAMPOO IL SALONE MAGNIFICENT 500 ML;FYBECA;31;FYBECA CARCELEN;1;"26,6";"29,792"
2021;14/02/2021;SHAMPOO ACONDICIONADOR Y TRATAMIENTO;SHAMPOO COSMETICOS;SHAMPOO CABELLO IL SALONE;100147244;SHAMPOO IL SALONE MAGNIFICENT 500 ML;FYBECA;83;FYBECA TOTORACOCHA;1;"26,6";"29,792"
2021;14/02/2021;SHAMPOO ACONDICIONADOR Y TRATAMIENTO;SHAMPOO COSMETICOS;SHAMPOO CABELLO IL SALONE;100147244;SHAMPOO IL SALONE MAGNIFICENT 500 ML;FYBECA;1914;FYBECA PASEO SAN FRANCISCO;1;"26,6";"29,792"
2021;16/02/2021;SHAMPOO ACONDICIONADOR Y TRATAMIENTO;SHAMPOO COSMETICOS;SHAMPOO CABELLO IL SALONE;100147244;SHAMPOO IL SALONE MAGNIFICENT 500 ML;FYBECA;29;FYBECA PLAZA NORTE;0;0;0
2021;16/02/2021;SHAMPOO ACONDICIONADOR Y TRATAMIENTO;SHAMPOO COSMETICOS;SHAMPOO CABELLO IL SALONE;100147244;SHAMPOO IL SALONE MAGNIFICENT 500 ML;FYBECA;1821;FYBECA MIRAFLORES;1;"26,6";"29,792"
2021;17/02/2021;SHAMPOO ACONDICIONADOR Y TRATAMIENTO;SHAMPOO COSMETICOS;SHAMPOO CABELLO IL SALONE;100147244;SHAMPOO IL SALONE MAGNIFICENT 500 ML;FYBECA;17;FYBECA PLAZA DE TOROS;1;"26,6";"29,792"
2021;17/02/2021;SHAMPOO ACONDICIONADOR Y TRATAMIENTO;SHAMPOO COSMETICOS;SHAMPOO CABELLO IL SALONE;100147244;SHAMPOO IL SALONE MAGNIFICENT 500 ML;FYBECA;45;FYBECA ALBORADA;1;"26,6";"29,792"
2021;18/02/2021;SHAMPOO ACONDICIONADOR Y TRATAMIENTO;SHAMPOO COSMETICOS;SHAMPOO CABELLO IL SALONE;100147244;SHAMPOO IL SALONE MAGNIFICENT 500 ML;FYBECA;9;FYBECA BACA ORTIZ;1;"26,6";"29,792"
2021;18/02/2021;SHAMPOO ACONDICIONADOR Y TRATAMIENTO;SHAMPOO COSMETICOS;SHAMPOO CABELLO IL SALONE;100147244;SHAMPOO IL SALONE MAGNIFICENT 500 ML;FYBECA;12;FYBECA PLAZA DE LAS AMERICAS;1;"26,6";"29,792"
2021;18/02/2021;SHAMPOO ACONDICIONADOR Y TRATAMIENTO;SHAMPOO COSMETICOS;SHAMPOO CABELLO IL SALONE;100147244;SHAMPOO IL SALONE MAGNIFICENT 500 ML;FYBECA;33;FYBECA EL INCA;1;"26,6";"29,792"
2021;18/02/2021;SHAMPOO ACONDICIONADOR Y TRATAMIENTO;SHAMPOO COSMETICOS;SHAMPOO CABELLO IL SALONE;100147244;SHAMPOO IL SALONE MAGNIFICENT 500 ML;FYBECA;531;FYBECA LA PLAZA IBARRA;1;"26,6";"29,792"
2021;18/02/2021;SHAMPOO ACONDICIONADOR Y TRATAMIENTO;SHAMPOO COSMETICOS;SHAMPOO CABELLO IL SALONE;100147244;SHAMPOO IL SALONE MAGNIFICENT 500 ML;FYBECA;1538;FYBECA VILLA CLUB;1;"26,6";"29,792"
2021;18/02/2021;SHAMPOO ACONDICIONADOR Y TRATAMIENTO;SHAMPOO COSMETICOS;SHAMPOO CABELLO IL SALONE;100147244;SHAMPOO IL SALONE MAGNIFICENT 500 ML;FYBECA;1736;FYBECA TORRES MEDICAS;1;"26,6";"29,792"
2021;18/02/2021;SHAMPOO ACONDICIONADOR Y TRATAMIENTO;SHAMPOO COSMETICOS;SHAMPOO CABELLO IL SALONE;100147244;SHAMPOO IL SALONE MAGNIFICENT 500 ML;FYBECA;1770;FYBECA ORELLANA II;1;"26,6";"29,792"
2021;18/02/2021;SHAMPOO ACONDICIONADOR Y TRATAMIENTO;SHAMPOO COSMETICOS;SHAMPOO CABELLO IL SALONE;100147244;SHAMPOO IL SALONE MAGNIFICENT 500 ML;FYBECA;72041;FYBECA UNIQUE;1;"26,6";"29,792"
2021;19/02/2021;SHAMPOO ACONDICIONADOR Y TRATAMIENTO;SHAMPOO COSMETICOS;SHAMPOO CABELLO IL SALONE;100147244;SHAMPOO IL SALONE MAGNIFICENT 500 ML;FYBECA;1461;FYBECA SAN RAFAEL;1;"26,6";"29,792"
2021;20/02/2021;SHAMPOO ACONDICIONADOR Y TRATAMIENTO;SHAMPOO COSMETICOS;SHAMPOO CABELLO IL SALONE;100147244;SHAMPOO IL SALONE MAGNIFICENT 500 ML;FYBECA;19;FYBECA QUICENTRO;1;"26,6";"29,792"
2021;20/02/2021;SHAMPOO ACONDICIONADOR Y TRATAMIENTO;SHAMPOO COSMETICOS;SHAMPOO CABELLO IL SALONE;100147244;SHAMPOO IL SALONE MAGNIFICENT 500 ML;FYBECA;79;FYBECA GRAN COLOMBIA;1;"26,6";"29,792"
2021;20/02/2021;SHAMPOO ACONDICIONADOR Y TRATAMIENTO;SHAMPOO COSMETICOS;SHAMPOO CABELLO IL SALONE;100147244;SHAMPOO IL SALONE MAGNIFICENT 500 ML;FYBECA;1461;FYBECA SAN RAFAEL;1;"26,6";"29,792"
2021;20/02/2021;SHAMPOO ACONDICIONADOR Y TRATAMIENTO;SHAMPOO COSMETICOS;SHAMPOO CABELLO IL SALONE;100147244;SHAMPOO IL SALONE MAGNIFICENT 500 ML;FYBECA;1734;FYBECA QUICENTRO SUR;1;"26,6";"29,792"
2021;20/02/2021;SHAMPOO ACONDICIONADOR Y TRATAMIENTO;SHAMPOO COSMETICOS;SHAMPOO CABELLO IL SALONE;100147244;SHAMPOO IL SALONE MAGNIFICENT 500 ML;FYBECA;71591;FYBECA LA "Y";1;"26,6";"29,792"
2021;21/02/2021;SHAMPOO ACONDICIONADOR Y TRATAMIENTO;SHAMPOO COSMETICOS;SHAMPOO CABELLO IL SALONE;100147244;SHAMPOO IL SALONE MAGNIFICENT 500 ML;FYBECA;15;FYBECA CORUÑA;1;"26,6";"29,792"
2021;22/02/2021;SHAMPOO ACONDICIONADOR Y TRATAMIENTO;SHAMPOO COSMETICOS;SHAMPOO CABELLO IL SALONE;100147244;SHAMPOO IL SALONE MAGNIFICENT 500 ML;FYBECA;140;FYBECA SAN MARINO;0;0;0
2021;23/02/2021;SHAMPOO ACONDICIONADOR Y TRATAMIENTO;SHAMPOO COSMETICOS;SHAMPOO CABELLO IL SALONE;100147244;SHAMPOO IL SALONE MAGNIFICENT 500 ML;FYBECA;87;FYBECA MALECON;1;"26,6";"29,792"
2021;23/02/2021;SHAMPOO ACONDICIONADOR Y TRATAMIENTO;SHAMPOO COSMETICOS;SHAMPOO CABELLO IL SALONE;100147244;SHAMPOO IL SALONE MAGNIFICENT 500 ML;FYBECA;95;FYBECA LOS MANGOS;1;"26,6";"29,792"
2021;23/02/2021;SHAMPOO ACONDICIONADOR Y TRATAMIENTO;SHAMPOO COSMETICOS;SHAMPOO CABELLO IL SALONE;100147244;SHAMPOO IL SALONE MAGNIFICENT 500 ML;FYBECA;148;FYBECA AMAZONAS;1;"26,6";"29,792"
2021;23/02/2021;SHAMPOO ACONDICIONADOR Y TRATAMIENTO;SHAMPOO COSMETICOS;SHAMPOO CABELLO IL SALONE;100147244;SHAMPOO IL SALONE MAGNIFICENT 500 ML;FYBECA;731;FYBECA FICOA;1;"26,6";"29,792"
2021;24/02/2021;SHAMPOO ACONDICIONADOR Y TRATAMIENTO;SHAMPOO COSMETICOS;SHAMPOO CABELLO IL SALONE;100147244;SHAMPOO IL SALONE MAGNIFICENT 500 ML;FYBECA;32;FYBECA MEDITROPOLI;1;"26,6";"29,792"
2021;25/02/2021;SHAMPOO ACONDICIONADOR Y TRATAMIENTO;SHAMPOO COSMETICOS;SHAMPOO CABELLO IL SALONE;100147244;SHAMPOO IL SALONE MAGNIFICENT 500 ML;FYBECA;29;FYBECA PLAZA NORTE;1;"26,6";"29,792"
2021;25/02/2021;SHAMPOO ACONDICIONADOR Y TRATAMIENTO;SHAMPOO COSMETICOS;SHAMPOO CABELLO IL SALONE;100147244;SHAMPOO IL SALONE MAGNIFICENT 500 ML;FYBECA;32;FYBECA MEDITROPOLI;1;"26,6";"29,792"
2021;26/02/2021;SHAMPOO ACONDICIONADOR Y TRATAMIENTO;SHAMPOO COSMETICOS;SHAMPOO CABELLO IL SALONE;100147244;SHAMPOO IL SALONE MAGNIFICENT 500 ML;FYBECA;9;FYBECA BACA ORTIZ;1;"26,6";"29,792"
2021;27/02/2021;SHAMPOO ACONDICIONADOR Y TRATAMIENTO;SHAMPOO COSMETICOS;SHAMPOO CABELLO IL SALONE;100147244;SHAMPOO IL SALONE MAGNIFICENT 500 ML;FYBECA;141;FYBECA REMIGIO CRESPO;1;"26,6";"29,792"
2021;27/02/2021;SHAMPOO ACONDICIONADOR Y TRATAMIENTO;SHAMPOO COSMETICOS;SHAMPOO CABELLO IL SALONE;100147244;SHAMPOO IL SALONE MAGNIFICENT 500 ML;FYBECA;651;FYBECA MACHALA;1;"26,6";"29,792"
2021;27/02/2021;SHAMPOO ACONDICIONADOR Y TRATAMIENTO;SHAMPOO COSMETICOS;SHAMPOO CABELLO IL SALONE;100147244;SHAMPOO IL SALONE MAGNIFICENT 500 ML;FYBECA;1538;FYBECA VILLA CLUB;1;"26,6";"29,792"
2021;27/02/2021;SHAMPOO ACONDICIONADOR Y TRATAMIENTO;SHAMPOO COSMETICOS;SHAMPOO CABELLO IL SALONE;100147244;SHAMPOO IL SALONE MAGNIFICENT 500 ML;FYBECA;1734;FYBECA QUICENTRO SUR;1;"26,6";"29,792"
2021;28/02/2021;SHAMPOO ACONDICIONADOR Y TRATAMIENTO;SHAMPOO COSMETICOS;SHAMPOO CABELLO IL SALONE;100147244;SHAMPOO IL SALONE MAGNIFICENT 500 ML;FYBECA;26;FYBECA EL BOSQUE;1;"26,6";"29,792"
2021;28/02/2021;SHAMPOO ACONDICIONADOR Y TRATAMIENTO;SHAMPOO COSMETICOS;SHAMPOO CABELLO IL SALONE;100147244;SHAMPOO IL SALONE MAGNIFICENT 500 ML;FYBECA;128;FYBECA SALINAS;1;"26,6";"29,792"
2021;28/02/2021;SHAMPOO ACONDICIONADOR Y TRATAMIENTO;SHAMPOO COSMETICOS;SHAMPOO CABELLO IL SALONE;100147244;SHAMPOO IL SALONE MAGNIFICENT 500 ML;FYBECA;791;FYBECA MALL DE LOS ANDES;1;"26,6";"29,792"
2021;28/02/2021;SHAMPOO ACONDICIONADOR Y TRATAMIENTO;SHAMPOO COSMETICOS;SHAMPOO CABELLO IL SALONE;100147244;SHAMPOO IL SALONE MAGNIFICENT 500 ML;FYBECA;1685;FYBECA VILLAGE PLAZA;1;"26,6";"29,792"
2021;28/02/2021;SHAMPOO ACONDICIONADOR Y TRATAMIENTO;SHAMPOO COSMETICOS;SHAMPOO CABELLO IL SALONE;100147244;SHAMPOO IL SALONE MAGNIFICENT 500 ML;FYBECA;71862;FYBECA KENNEDY NORTE;1;"26,6";"29,792"
2020;01/03/2020;SHAMPOO ACONDICIONADOR Y TRATAMIENTO;SHAMPOO COSMETICOS;SHAMPOO CABELLO IL SALONE;100147244;SHAMPOO IL SALONE MAGNIFICENT 500 ML;FYBECA;58;FYBECA LOS CEIBOS;1;"37,2499988";"29,792"
2020;01/03/2020;SHAMPOO ACONDICIONADOR Y TRATAMIENTO;SHAMPOO COSMETICOS;SHAMPOO CABELLO IL SALONE;100147244;SHAMPOO IL SALONE MAGNIFICENT 500 ML;FYBECA;1515;FYBECA ESTACION SUR;1;"37,2499988";"29,792"
2020;01/03/2020;SHAMPOO ACONDICIONADOR Y TRATAMIENTO;SHAMPOO COSMETICOS;SHAMPOO CABELLO IL SALONE;100147244;SHAMPOO IL SALONE MAGNIFICENT 500 ML;FYBECA;1811;FYBECA CITY MALL;2;"57,0000004";"59,584"
2020;02/03/2020;SHAMPOO ACONDICIONADOR Y TRATAMIENTO;SHAMPOO COSMETICOS;SHAMPOO CABELLO IL SALONE;100147244;SHAMPOO IL SALONE MAGNIFICENT 500 ML;FYBECA;15;FYBECA CORUÑA;1;"37,2499988";"29,792"
2020;02/03/2020;SHAMPOO ACONDICIONADOR Y TRATAMIENTO;SHAMPOO COSMETICOS;SHAMPOO CABELLO IL SALONE;100147244;SHAMPOO IL SALONE MAGNIFICENT 500 ML;FYBECA;25;FYBECA CUMBAYA;2;"57,0000004";"59,584"
2020;02/03/2020;SHAMPOO ACONDICIONADOR Y TRATAMIENTO;SHAMPOO COSMETICOS;SHAMPOO CABELLO IL SALONE;100147244;SHAMPOO IL SALONE MAGNIFICENT 500 ML;FYBECA;1538;FYBECA VILLA CLUB;2;"57,0000004";"59,584"
2020;03/03/2020;SHAMPOO ACONDICIONADOR Y TRATAMIENTO;SHAMPOO COSMETICOS;SHAMPOO CABELLO IL SALONE;100147244;SHAMPOO IL SALONE MAGNIFICENT 500 ML;FYBECA;84;FYBECA MANICENTRO;1;"37,2499988";"29,792"
2020;03/03/2020;SHAMPOO ACONDICIONADOR Y TRATAMIENTO;SHAMPOO COSMETICOS;SHAMPOO CABELLO IL SALONE;100147244;SHAMPOO IL SALONE MAGNIFICENT 500 ML;FYBECA;631;FYBECA GRANADOS;1;"37,2499988";"29,792"
2020;03/03/2020;SHAMPOO ACONDICIONADOR Y TRATAMIENTO;SHAMPOO COSMETICOS;SHAMPOO CABELLO IL SALONE;100147244;SHAMPOO IL SALONE MAGNIFICENT 500 ML;FYBECA;691;FYBECA LA PIAZZA;1;"37,2499988";"29,792"
2020;03/03/2020;SHAMPOO ACONDICIONADOR Y TRATAMIENTO;SHAMPOO COSMETICOS;SHAMPOO CABELLO IL SALONE;100147244;SHAMPOO IL SALONE MAGNIFICENT 500 ML;FYBECA;1271;FYBECA SAN LUIS SHOPPING;1;"37,2499988";"29,792"
2020;03/03/2020;SHAMPOO ACONDICIONADOR Y TRATAMIENTO;SHAMPOO COSMETICOS;SHAMPOO CABELLO IL SALONE;100147244;SHAMPOO IL SALONE MAGNIFICENT 500 ML;FYBECA;1515;FYBECA ESTACION SUR;1;"37,2499988";"29,792"
2020;03/03/2020;SHAMPOO ACONDICIONADOR Y TRATAMIENTO;SHAMPOO COSMETICOS;SHAMPOO CABELLO IL SALONE;100147244;SHAMPOO IL SALONE MAGNIFICENT 500 ML;FYBECA;1734;FYBECA QUICENTRO SUR;2;"57,0000004";"59,584"
2020;03/03/2020;SHAMPOO ACONDICIONADOR Y TRATAMIENTO;SHAMPOO COSMETICOS;SHAMPOO CABELLO IL SALONE;100147244;SHAMPOO IL SALONE MAGNIFICENT 500 ML;FYBECA;1770;FYBECA ORELLANA II;1;"30,4000004";"29,792"
2020;04/03/2020;SHAMPOO ACONDICIONADOR Y TRATAMIENTO;SHAMPOO COSMETICOS;SHAMPOO CABELLO IL SALONE;100147244;SHAMPOO IL SALONE MAGNIFICENT 500 ML;FYBECA;141;FYBECA REMIGIO CRESPO;1;"37,2499988";"29,792"
2020;04/03/2020;SHAMPOO ACONDICIONADOR Y TRATAMIENTO;SHAMPOO COSMETICOS;SHAMPOO CABELLO IL SALONE;100147244;SHAMPOO IL SALONE MAGNIFICENT 500 ML;FYBECA;1271;FYBECA SAN LUIS SHOPPING;2;"57,0000004";"59,584"
2020;04/03/2020;SHAMPOO ACONDICIONADOR Y TRATAMIENTO;SHAMPOO COSMETICOS;SHAMPOO CABELLO IL SALONE;100147244;SHAMPOO IL SALONE MAGNIFICENT 500 ML;FYBECA;1735;FYBECA MULTIPLAZA;1;"37,2499988";"29,792"
2020;05/03/2020;SHAMPOO ACONDICIONADOR Y TRATAMIENTO;SHAMPOO COSMETICOS;SHAMPOO CABELLO IL SALONE;100147244;SHAMPOO IL SALONE MAGNIFICENT 500 ML;FYBECA;45;FYBECA ALBORADA;1;"37,2499988";"29,792"
2020;05/03/2020;SHAMPOO ACONDICIONADOR Y TRATAMIENTO;SHAMPOO COSMETICOS;SHAMPOO CABELLO IL SALONE;100147244;SHAMPOO IL SALONE MAGNIFICENT 500 ML;FYBECA;1462;FYBECA LA PRENSA;2;"57,0000004";"59,584"
2020;05/03/2020;SHAMPOO ACONDICIONADOR Y TRATAMIENTO;SHAMPOO COSMETICOS;SHAMPOO CABELLO IL SALONE;100147244;SHAMPOO IL SALONE MAGNIFICENT 500 ML;FYBECA;1914;FYBECA PASEO SAN FRANCISCO;2;"57,0000004";"59,584"
2020;06/03/2020;SHAMPOO ACONDICIONADOR Y TRATAMIENTO;SHAMPOO COSMETICOS;SHAMPOO CABELLO IL SALONE;100147244;SHAMPOO IL SALONE MAGNIFICENT 500 ML;FYBECA;15;FYBECA CORUÑA;1;"32,2999992";"29,792"
2020;06/03/2020;SHAMPOO ACONDICIONADOR Y TRATAMIENTO;SHAMPOO COSMETICOS;SHAMPOO CABELLO IL SALONE;100147244;SHAMPOO IL SALONE MAGNIFICENT 500 ML;FYBECA;58;FYBECA LOS CEIBOS;1;"37,2499988";"29,792"
2020;06/03/2020;SHAMPOO ACONDICIONADOR Y TRATAMIENTO;SHAMPOO COSMETICOS;SHAMPOO CABELLO IL SALONE;100147244;SHAMPOO IL SALONE MAGNIFICENT 500 ML;FYBECA;1461;FYBECA SAN RAFAEL;2;"57,0000004";"59,584"
2020;06/03/2020;SHAMPOO ACONDICIONADOR Y TRATAMIENTO;SHAMPOO COSMETICOS;SHAMPOO CABELLO IL SALONE;100147244;SHAMPOO IL SALONE MAGNIFICENT 500 ML;FYBECA;1505;FYBECA EL CONDADO;2;"57,0000004";"59,584"
2020;06/03/2020;SHAMPOO ACONDICIONADOR Y TRATAMIENTO;SHAMPOO COSMETICOS;SHAMPOO CABELLO IL SALONE;100147244;SHAMPOO IL SALONE MAGNIFICENT 500 ML;FYBECA;1811;FYBECA CITY MALL;4;"114,0000008";"119,168"
2020;07/03/2020;SHAMPOO ACONDICIONADOR Y TRATAMIENTO;SHAMPOO COSMETICOS;SHAMPOO CABELLO IL SALONE;100147244;SHAMPOO IL SALONE MAGNIFICENT 500 ML;FYBECA;3;FYBECA C.C.I.;1;"37,2499988";"29,792"
2020;07/03/2020;SHAMPOO ACONDICIONADOR Y TRATAMIENTO;SHAMPOO COSMETICOS;SHAMPOO CABELLO IL SALONE;100147244;SHAMPOO IL SALONE MAGNIFICENT 500 ML;FYBECA;12;FYBECA PLAZA DE LAS AMERICAS;1;"37,2499988";"29,792"
2020;07/03/2020;SHAMPOO ACONDICIONADOR Y TRATAMIENTO;SHAMPOO COSMETICOS;SHAMPOO CABELLO IL SALONE;100147244;SHAMPOO IL SALONE MAGNIFICENT 500 ML;FYBECA;58;FYBECA LOS CEIBOS;2;"57,0000004";"59,584"
2020;07/03/2020;SHAMPOO ACONDICIONADOR Y TRATAMIENTO;SHAMPOO COSMETICOS;SHAMPOO CABELLO IL SALONE;100147244;SHAMPOO IL SALONE MAGNIFICENT 500 ML;FYBECA;1135;FYBECA POLICENTRO;2;"57,0000004";"59,584"
2020;08/03/2020;SHAMPOO ACONDICIONADOR Y TRATAMIENTO;SHAMPOO COSMETICOS;SHAMPOO CABELLO IL SALONE;100147244;SHAMPOO IL SALONE MAGNIFICENT 500 ML;FYBECA;3;FYBECA C.C.I.;1;"37,2499988";"29,792"
2020;08/03/2020;SHAMPOO ACONDICIONADOR Y TRATAMIENTO;SHAMPOO COSMETICOS;SHAMPOO CABELLO IL SALONE;100147244;SHAMPOO IL SALONE MAGNIFICENT 500 ML;FYBECA;140;FYBECA SAN MARINO;1;"37,2499988";"29,792"
2020;08/03/2020;SHAMPOO ACONDICIONADOR Y TRATAMIENTO;SHAMPOO COSMETICOS;SHAMPOO CABELLO IL SALONE;100147244;SHAMPOO IL SALONE MAGNIFICENT 500 ML;FYBECA;141;FYBECA REMIGIO CRESPO;1;"37,2499988";"29,792"
2020;08/03/2020;SHAMPOO ACONDICIONADOR Y TRATAMIENTO;SHAMPOO COSMETICOS;SHAMPOO CABELLO IL SALONE;100147244;SHAMPOO IL SALONE MAGNIFICENT 500 ML;FYBECA;531;FYBECA LA PLAZA IBARRA;1;"37,2499988";"29,792"
2020;08/03/2020;SHAMPOO ACONDICIONADOR Y TRATAMIENTO;SHAMPOO COSMETICOS;SHAMPOO CABELLO IL SALONE;100147244;SHAMPOO IL SALONE MAGNIFICENT 500 ML;FYBECA;731;FYBECA FICOA;1;"30,4000004";"29,792"
2020;08/03/2020;SHAMPOO ACONDICIONADOR Y TRATAMIENTO;SHAMPOO COSMETICOS;SHAMPOO CABELLO IL SALONE;100147244;SHAMPOO IL SALONE MAGNIFICENT 500 ML;FYBECA;1735;FYBECA MULTIPLAZA;1;"37,2499988";"29,792"
2020;08/03/2020;SHAMPOO ACONDICIONADOR Y TRATAMIENTO;SHAMPOO COSMETICOS;SHAMPOO CABELLO IL SALONE;100147244;SHAMPOO IL SALONE MAGNIFICENT 500 ML;FYBECA;1901;FYBECA SCALA;1;"37,2499988";"29,792"
2020;09/03/2020;SHAMPOO ACONDICIONADOR Y TRATAMIENTO;SHAMPOO COSMETICOS;SHAMPOO CABELLO IL SALONE;100147244;SHAMPOO IL SALONE MAGNIFICENT 500 ML;FYBECA;1538;FYBECA VILLA CLUB;1;"37,2499988";"29,792"
2020;09/03/2020;SHAMPOO ACONDICIONADOR Y TRATAMIENTO;SHAMPOO COSMETICOS;SHAMPOO CABELLO IL SALONE;100147244;SHAMPOO IL SALONE MAGNIFICENT 500 ML;FYBECA;2056;FYBECA CHIMBORAZO;1;"38,0000012";"29,792"
2020;10/03/2020;SHAMPOO ACONDICIONADOR Y TRATAMIENTO;SHAMPOO COSMETICOS;SHAMPOO CABELLO IL SALONE;100147244;SHAMPOO IL SALONE MAGNIFICENT 500 ML;FYBECA;1;FYBECA BATAN;1;"37,2499988";"29,792"
2020;10/03/2020;SHAMPOO ACONDICIONADOR Y TRATAMIENTO;SHAMPOO COSMETICOS;SHAMPOO CABELLO IL SALONE;100147244;SHAMPOO IL SALONE MAGNIFICENT 500 ML;FYBECA;12;FYBECA PLAZA DE LAS AMERICAS;1;"37,2499988";"29,792"
2020;10/03/2020;SHAMPOO ACONDICIONADOR Y TRATAMIENTO;SHAMPOO COSMETICOS;SHAMPOO CABELLO IL SALONE;100147244;SHAMPOO IL SALONE MAGNIFICENT 500 ML;FYBECA;34;FYBECA VENTURA MALL;1;"37,2499988";"29,792"
2020;10/03/2020;SHAMPOO ACONDICIONADOR Y TRATAMIENTO;SHAMPOO COSMETICOS;SHAMPOO CABELLO IL SALONE;100147244;SHAMPOO IL SALONE MAGNIFICENT 500 ML;FYBECA;791;FYBECA MALL DE LOS ANDES;1;"37,2499988";"29,792"
2020;10/03/2020;SHAMPOO ACONDICIONADOR Y TRATAMIENTO;SHAMPOO COSMETICOS;SHAMPOO CABELLO IL SALONE;100147244;SHAMPOO IL SALONE MAGNIFICENT 500 ML;FYBECA;1441;FYBECA RIO ZAMORA;2;"57,0000004";"59,584"
2020;11/03/2020;SHAMPOO ACONDICIONADOR Y TRATAMIENTO;SHAMPOO COSMETICOS;SHAMPOO CABELLO IL SALONE;100147244;SHAMPOO IL SALONE MAGNIFICENT 500 ML;FYBECA;15;FYBECA CORUÑA;2;"57,0000004";"59,584"
2020;11/03/2020;SHAMPOO ACONDICIONADOR Y TRATAMIENTO;SHAMPOO COSMETICOS;SHAMPOO CABELLO IL SALONE;100147244;SHAMPOO IL SALONE MAGNIFICENT 500 ML;FYBECA;84;FYBECA MANICENTRO;5;"151,2499996";"148,96"
2020;11/03/2020;SHAMPOO ACONDICIONADOR Y TRATAMIENTO;SHAMPOO COSMETICOS;SHAMPOO CABELLO IL SALONE;100147244;SHAMPOO IL SALONE MAGNIFICENT 500 ML;FYBECA;1135;FYBECA POLICENTRO;2;"57,0000004";"59,584"
2020;11/03/2020;SHAMPOO ACONDICIONADOR Y TRATAMIENTO;SHAMPOO COSMETICOS;SHAMPOO CABELLO IL SALONE;100147244;SHAMPOO IL SALONE MAGNIFICENT 500 ML;FYBECA;1271;FYBECA SAN LUIS SHOPPING;2;"57,0000004";"59,584"
2020;12/03/2020;SHAMPOO ACONDICIONADOR Y TRATAMIENTO;SHAMPOO COSMETICOS;SHAMPOO CABELLO IL SALONE;100147244;SHAMPOO IL SALONE MAGNIFICENT 500 ML;FYBECA;17;FYBECA PLAZA DE TOROS;2;"57,0000004";"59,584"
2020;12/03/2020;SHAMPOO ACONDICIONADOR Y TRATAMIENTO;SHAMPOO COSMETICOS;SHAMPOO CABELLO IL SALONE;100147244;SHAMPOO IL SALONE MAGNIFICENT 500 ML;FYBECA;45;FYBECA ALBORADA;1;"37,2499988";"29,792"
2020;12/03/2020;SHAMPOO ACONDICIONADOR Y TRATAMIENTO;SHAMPOO COSMETICOS;SHAMPOO CABELLO IL SALONE;100147244;SHAMPOO IL SALONE MAGNIFICENT 500 ML;FYBECA;95;FYBECA LOS MANGOS;1;"30,4000004";"29,792"
2020;12/03/2020;SHAMPOO ACONDICIONADOR Y TRATAMIENTO;SHAMPOO COSMETICOS;SHAMPOO CABELLO IL SALONE;100147244;SHAMPOO IL SALONE MAGNIFICENT 500 ML;FYBECA;631;FYBECA GRANADOS;1;"30,4000004";"29,792"
2020;12/03/2020;SHAMPOO ACONDICIONADOR Y TRATAMIENTO;SHAMPOO COSMETICOS;SHAMPOO CABELLO IL SALONE;100147244;SHAMPOO IL SALONE MAGNIFICENT 500 ML;FYBECA;1432;FYBECA CHILE Y CAÑAR;1;"37,2499988";"29,792"
2020;13/03/2020;SHAMPOO ACONDICIONADOR Y TRATAMIENTO;SHAMPOO COSMETICOS;SHAMPOO CABELLO IL SALONE;100147244;SHAMPOO IL SALONE MAGNIFICENT 500 ML;FYBECA;84;FYBECA MANICENTRO;1;"37,2499988";"29,792"
2020;13/03/2020;SHAMPOO ACONDICIONADOR Y TRATAMIENTO;SHAMPOO COSMETICOS;SHAMPOO CABELLO IL SALONE;100147244;SHAMPOO IL SALONE MAGNIFICENT 500 ML;FYBECA;631;FYBECA GRANADOS;1;"37,2499988";"29,792"
2020;13/03/2020;SHAMPOO ACONDICIONADOR Y TRATAMIENTO;SHAMPOO COSMETICOS;SHAMPOO CABELLO IL SALONE;100147244;SHAMPOO IL SALONE MAGNIFICENT 500 ML;FYBECA;1538;FYBECA VILLA CLUB;4;"114,0000008";"119,168"
2020;14/03/2020;SHAMPOO ACONDICIONADOR Y TRATAMIENTO;SHAMPOO COSMETICOS;SHAMPOO CABELLO IL SALONE;100147244;SHAMPOO IL SALONE MAGNIFICENT 500 ML;FYBECA;84;FYBECA MANICENTRO;1;"37,2499988";"29,792"
2020;14/03/2020;SHAMPOO ACONDICIONADOR Y TRATAMIENTO;SHAMPOO COSMETICOS;SHAMPOO CABELLO IL SALONE;100147244;SHAMPOO IL SALONE MAGNIFICENT 500 ML;FYBECA;1734;FYBECA QUICENTRO SUR;1;"37,2499988";"29,792"
2020;14/03/2020;SHAMPOO ACONDICIONADOR Y TRATAMIENTO;SHAMPOO COSMETICOS;SHAMPOO CABELLO IL SALONE;100147244;SHAMPOO IL SALONE MAGNIFICENT 500 ML;FYBECA;1795;FYBECA PIAZZA MACHALA;2;"57,0000004";"59,584"
2020;14/03/2020;SHAMPOO ACONDICIONADOR Y TRATAMIENTO;SHAMPOO COSMETICOS;SHAMPOO CABELLO IL SALONE;100147244;SHAMPOO IL SALONE MAGNIFICENT 500 ML;FYBECA;1811;FYBECA CITY MALL;2;"57,0000004";"59,584"
2020;14/03/2020;SHAMPOO ACONDICIONADOR Y TRATAMIENTO;SHAMPOO COSMETICOS;SHAMPOO CABELLO IL SALONE;100147244;SHAMPOO IL SALONE MAGNIFICENT 500 ML;FYBECA;2075;FYBECA LAS MONJAS;1;"37,2499988";"29,792"
2020;15/03/2020;SHAMPOO ACONDICIONADOR Y TRATAMIENTO;SHAMPOO COSMETICOS;SHAMPOO CABELLO IL SALONE;100147244;SHAMPOO IL SALONE MAGNIFICENT 500 ML;FYBECA;4;FYBECA LA LUZ;1;"37,2499988";"29,792"
2020;16/03/2020;SHAMPOO ACONDICIONADOR Y TRATAMIENTO;SHAMPOO COSMETICOS;SHAMPOO CABELLO IL SALONE;100147244;SHAMPOO IL SALONE MAGNIFICENT 500 ML;FYBECA;3;FYBECA C.C.I.;4;"114,0000008";"119,168"
2020;16/03/2020;SHAMPOO ACONDICIONADOR Y TRATAMIENTO;SHAMPOO COSMETICOS;SHAMPOO CABELLO IL SALONE;100147244;SHAMPOO IL SALONE MAGNIFICENT 500 ML;FYBECA;128;FYBECA SALINAS;1;"37,2499988";"29,792"
2020;16/03/2020;SHAMPOO ACONDICIONADOR Y TRATAMIENTO;SHAMPOO COSMETICOS;SHAMPOO CABELLO IL SALONE;100147244;SHAMPOO IL SALONE MAGNIFICENT 500 ML;FYBECA;1770;FYBECA ORELLANA II;1;"37,2499988";"29,792"
2020;16/03/2020;SHAMPOO ACONDICIONADOR Y TRATAMIENTO;SHAMPOO COSMETICOS;SHAMPOO CABELLO IL SALONE;100147244;SHAMPOO IL SALONE MAGNIFICENT 500 ML;FYBECA;1938;FYBECA MALTERIA;2;"57,0000004";"59,584"
2020;16/03/2020;SHAMPOO ACONDICIONADOR Y TRATAMIENTO;SHAMPOO COSMETICOS;SHAMPOO CABELLO IL SALONE;100147244;SHAMPOO IL SALONE MAGNIFICENT 500 ML;FYBECA;2075;FYBECA LAS MONJAS;2;"57,0000004";"59,584"
2020;17/03/2020;SHAMPOO ACONDICIONADOR Y TRATAMIENTO;SHAMPOO COSMETICOS;SHAMPOO CABELLO IL SALONE;100147244;SHAMPOO IL SALONE MAGNIFICENT 500 ML;FYBECA;29;FYBECA PLAZA NORTE;1;"37,2499988";"29,792"
2020;17/03/2020;SHAMPOO ACONDICIONADOR Y TRATAMIENTO;SHAMPOO COSMETICOS;SHAMPOO CABELLO IL SALONE;100147244;SHAMPOO IL SALONE MAGNIFICENT 500 ML;FYBECA;45;FYBECA ALBORADA;1;"37,2499988";"29,792"
2020;17/03/2020;SHAMPOO ACONDICIONADOR Y TRATAMIENTO;SHAMPOO COSMETICOS;SHAMPOO CABELLO IL SALONE;100147244;SHAMPOO IL SALONE MAGNIFICENT 500 ML;FYBECA;58;FYBECA LOS CEIBOS;1;"37,2499988";"29,792"
2020;17/03/2020;SHAMPOO ACONDICIONADOR Y TRATAMIENTO;SHAMPOO COSMETICOS;SHAMPOO CABELLO IL SALONE;100147244;SHAMPOO IL SALONE MAGNIFICENT 500 ML;FYBECA;87;FYBECA MALECON;1;"37,2499988";"29,792"
2020;17/03/2020;SHAMPOO ACONDICIONADOR Y TRATAMIENTO;SHAMPOO COSMETICOS;SHAMPOO CABELLO IL SALONE;100147244;SHAMPOO IL SALONE MAGNIFICENT 500 ML;FYBECA;140;FYBECA SAN MARINO;2;"57,0000004";"59,584"
2020;17/03/2020;SHAMPOO ACONDICIONADOR Y TRATAMIENTO;SHAMPOO COSMETICOS;SHAMPOO CABELLO IL SALONE;100147244;SHAMPOO IL SALONE MAGNIFICENT 500 ML;FYBECA;1271;FYBECA SAN LUIS SHOPPING;2;"57,0000004";"59,584"
2020;17/03/2020;SHAMPOO ACONDICIONADOR Y TRATAMIENTO;SHAMPOO COSMETICOS;SHAMPOO CABELLO IL SALONE;100147244;SHAMPOO IL SALONE MAGNIFICENT 500 ML;FYBECA;1770;FYBECA ORELLANA II;1;"37,2499988";"29,792"
2020;18/03/2020;SHAMPOO ACONDICIONADOR Y TRATAMIENTO;SHAMPOO COSMETICOS;SHAMPOO CABELLO IL SALONE;100147244;SHAMPOO IL SALONE MAGNIFICENT 500 ML;FYBECA;94;FYBECA GONZALEZ SUAREZ;1;"37,2499988";"29,792"
2020;19/03/2020;SHAMPOO ACONDICIONADOR Y TRATAMIENTO;SHAMPOO COSMETICOS;SHAMPOO CABELLO IL SALONE;100147244;SHAMPOO IL SALONE MAGNIFICENT 500 ML;FYBECA;691;FYBECA LA PIAZZA;1;"37,2499988";"29,792"
2020;20/03/2020;SHAMPOO ACONDICIONADOR Y TRATAMIENTO;SHAMPOO COSMETICOS;SHAMPOO CABELLO IL SALONE;100147244;SHAMPOO IL SALONE MAGNIFICENT 500 ML;FYBECA;1735;FYBECA MULTIPLAZA;1;"37,2499988";"29,792"
2020;21/03/2020;SHAMPOO ACONDICIONADOR Y TRATAMIENTO;SHAMPOO COSMETICOS;SHAMPOO CABELLO IL SALONE;100147244;SHAMPOO IL SALONE MAGNIFICENT 500 ML;FYBECA;651;FYBECA MACHALA;1;"37,2499988";"29,792"
2020;22/03/2020;SHAMPOO ACONDICIONADOR Y TRATAMIENTO;SHAMPOO COSMETICOS;SHAMPOO CABELLO IL SALONE;100147244;SHAMPOO IL SALONE MAGNIFICENT 500 ML;FYBECA;15;FYBECA CORUÑA;-2;"-57,0000004";"-59,584"
2020;22/03/2020;SHAMPOO ACONDICIONADOR Y TRATAMIENTO;SHAMPOO COSMETICOS;SHAMPOO CABELLO IL SALONE;100147244;SHAMPOO IL SALONE MAGNIFICENT 500 ML;FYBECA;1461;FYBECA SAN RAFAEL;2;"57,0000004";"59,584"
2020;23/03/2020;SHAMPOO ACONDICIONADOR Y TRATAMIENTO;SHAMPOO COSMETICOS;SHAMPOO CABELLO IL SALONE;100147244;SHAMPOO IL SALONE MAGNIFICENT 500 ML;FYBECA;17;FYBECA PLAZA DE TOROS;1;"37,2499988";"29,792"
2020;24/03/2020;SHAMPOO ACONDICIONADOR Y TRATAMIENTO;SHAMPOO COSMETICOS;SHAMPOO CABELLO IL SALONE;100147244;SHAMPOO IL SALONE MAGNIFICENT 500 ML;FYBECA;15;FYBECA CORUÑA;2;"57,0000004";"59,584"
2020;24/03/2020;SHAMPOO ACONDICIONADOR Y TRATAMIENTO;SHAMPOO COSMETICOS;SHAMPOO CABELLO IL SALONE;100147244;SHAMPOO IL SALONE MAGNIFICENT 500 ML;FYBECA;84;FYBECA MANICENTRO;1;"37,2499988";"29,792"
2020;24/03/2020;SHAMPOO ACONDICIONADOR Y TRATAMIENTO;SHAMPOO COSMETICOS;SHAMPOO CABELLO IL SALONE;100147244;SHAMPOO IL SALONE MAGNIFICENT 500 ML;FYBECA;95;FYBECA LOS MANGOS;1;"37,2499988";"29,792"
2020;24/03/2020;SHAMPOO ACONDICIONADOR Y TRATAMIENTO;SHAMPOO COSMETICOS;SHAMPOO CABELLO IL SALONE;100147244;SHAMPOO IL SALONE MAGNIFICENT 500 ML;FYBECA;731;FYBECA FICOA;1;"37,2499988";"29,792"
2020;24/03/2020;SHAMPOO ACONDICIONADOR Y TRATAMIENTO;SHAMPOO COSMETICOS;SHAMPOO CABELLO IL SALONE;100147244;SHAMPOO IL SALONE MAGNIFICENT 500 ML;FYBECA;1901;FYBECA SCALA;1;"37,2499988";"29,792"
2020;25/03/2020;SHAMPOO ACONDICIONADOR Y TRATAMIENTO;SHAMPOO COSMETICOS;SHAMPOO CABELLO IL SALONE;100147244;SHAMPOO IL SALONE MAGNIFICENT 500 ML;FYBECA;1;FYBECA BATAN;2;"57,0000004";"59,584"
2020;25/03/2020;SHAMPOO ACONDICIONADOR Y TRATAMIENTO;SHAMPOO COSMETICOS;SHAMPOO CABELLO IL SALONE;100147244;SHAMPOO IL SALONE MAGNIFICENT 500 ML;FYBECA;29;FYBECA PLAZA NORTE;1;"37,2499988";"29,792"
2020;25/03/2020;SHAMPOO ACONDICIONADOR Y TRATAMIENTO;SHAMPOO COSMETICOS;SHAMPOO CABELLO IL SALONE;100147244;SHAMPOO IL SALONE MAGNIFICENT 500 ML;FYBECA;34;FYBECA VENTURA MALL;1;"37,2499988";"29,792"
2020;26/03/2020;SHAMPOO ACONDICIONADOR Y TRATAMIENTO;SHAMPOO COSMETICOS;SHAMPOO CABELLO IL SALONE;100147244;SHAMPOO IL SALONE MAGNIFICENT 500 ML;FYBECA;1538;FYBECA VILLA CLUB;1;"37,2499988";"29,792"
2020;26/03/2020;SHAMPOO ACONDICIONADOR Y TRATAMIENTO;SHAMPOO COSMETICOS;SHAMPOO CABELLO IL SALONE;100147244;SHAMPOO IL SALONE MAGNIFICENT 500 ML;FYBECA;1770;FYBECA ORELLANA II;1;"37,2499988";"29,792"
2020;27/03/2020;SHAMPOO ACONDICIONADOR Y TRATAMIENTO;SHAMPOO COSMETICOS;SHAMPOO CABELLO IL SALONE;100147244;SHAMPOO IL SALONE MAGNIFICENT 500 ML;FYBECA;15;FYBECA CORUÑA;1;"37,2499988";"29,792"
2020;28/03/2020;SHAMPOO ACONDICIONADOR Y TRATAMIENTO;SHAMPOO COSMETICOS;SHAMPOO CABELLO IL SALONE;100147244;SHAMPOO IL SALONE MAGNIFICENT 500 ML;FYBECA;94;FYBECA GONZALEZ SUAREZ;1;"37,2499988";"29,792"
2020;29/03/2020;SHAMPOO ACONDICIONADOR Y TRATAMIENTO;SHAMPOO COSMETICOS;SHAMPOO CABELLO IL SALONE;100147244;SHAMPOO IL SALONE MAGNIFICENT 500 ML;FYBECA;1271;FYBECA SAN LUIS SHOPPING;1;"37,2499988";"29,792"
2020;30/03/2020;SHAMPOO ACONDICIONADOR Y TRATAMIENTO;SHAMPOO COSMETICOS;SHAMPOO CABELLO IL SALONE;100147244;SHAMPOO IL SALONE MAGNIFICENT 500 ML;FYBECA;4;FYBECA LA LUZ;1;"37,2499988";"29,792"
2020;30/03/2020;SHAMPOO ACONDICIONADOR Y TRATAMIENTO;SHAMPOO COSMETICOS;SHAMPOO CABELLO IL SALONE;100147244;SHAMPOO IL SALONE MAGNIFICENT 500 ML;FYBECA;9;FYBECA BACA ORTIZ;1;"37,2499988";"29,792"
2020;30/03/2020;SHAMPOO ACONDICIONADOR Y TRATAMIENTO;SHAMPOO COSMETICOS;SHAMPOO CABELLO IL SALONE;100147244;SHAMPOO IL SALONE MAGNIFICENT 500 ML;FYBECA;84;FYBECA MANICENTRO;2;"74,5000004";"59,584"
2020;31/03/2020;SHAMPOO ACONDICIONADOR Y TRATAMIENTO;SHAMPOO COSMETICOS;SHAMPOO CABELLO IL SALONE;100147244;SHAMPOO IL SALONE MAGNIFICENT 500 ML;FYBECA;12;FYBECA PLAZA DE LAS AMERICAS;1;"37,2499988";"29,792"
2020;31/03/2020;SHAMPOO ACONDICIONADOR Y TRATAMIENTO;SHAMPOO COSMETICOS;SHAMPOO CABELLO IL SALONE;100147244;SHAMPOO IL SALONE MAGNIFICENT 500 ML;FYBECA;651;FYBECA MACHALA;1;"37,2499988";"29,792"
2020;31/03/2020;SHAMPOO ACONDICIONADOR Y TRATAMIENTO;SHAMPOO COSMETICOS;SHAMPOO CABELLO IL SALONE;100147244;SHAMPOO IL SALONE MAGNIFICENT 500 ML;FYBECA;1432;FYBECA CHILE Y CAÑAR;1;"37,2499988";"29,792"
2021;01/03/2021;SHAMPOO ACONDICIONADOR Y TRATAMIENTO;SHAMPOO COSMETICOS;SHAMPOO CABELLO IL SALONE;100147244;SHAMPOO IL SALONE MAGNIFICENT 500 ML;FYBECA;12;FYBECA PLAZA DE LAS AMERICAS;1;"30,4000004";"29,792"
2021;01/03/2021;SHAMPOO ACONDICIONADOR Y TRATAMIENTO;SHAMPOO COSMETICOS;SHAMPOO CABELLO IL SALONE;100147244;SHAMPOO IL SALONE MAGNIFICENT 500 ML;FYBECA;135;FYBECA GARZOTA 2;1;"30,4000004";"29,792"
2021;01/03/2021;SHAMPOO ACONDICIONADOR Y TRATAMIENTO;SHAMPOO COSMETICOS;SHAMPOO CABELLO IL SALONE;100147244;SHAMPOO IL SALONE MAGNIFICENT 500 ML;FYBECA;1821;FYBECA MIRAFLORES;1;"30,4000004";"29,792"
2021;01/03/2021;SHAMPOO ACONDICIONADOR Y TRATAMIENTO;SHAMPOO COSMETICOS;SHAMPOO CABELLO IL SALONE;100147244;SHAMPOO IL SALONE MAGNIFICENT 500 ML;FYBECA;1914;FYBECA PASEO SAN FRANCISCO;1;"30,4000004";"29,792"
2021;02/03/2021;SHAMPOO ACONDICIONADOR Y TRATAMIENTO;SHAMPOO COSMETICOS;SHAMPOO CABELLO IL SALONE;100147244;SHAMPOO IL SALONE MAGNIFICENT 500 ML;FYBECA;1461;FYBECA SAN RAFAEL;1;"37,3749992";"29,792"
2021;03/03/2021;SHAMPOO ACONDICIONADOR Y TRATAMIENTO;SHAMPOO COSMETICOS;SHAMPOO CABELLO IL SALONE;100147244;SHAMPOO IL SALONE MAGNIFICENT 500 ML;FYBECA;26;FYBECA EL BOSQUE;1;"37,3749992";"29,792"
2021;03/03/2021;SHAMPOO ACONDICIONADOR Y TRATAMIENTO;SHAMPOO COSMETICOS;SHAMPOO CABELLO IL SALONE;100147244;SHAMPOO IL SALONE MAGNIFICENT 500 ML;FYBECA;71828;FYBECA PLAZA KENNEDY;1;"37,3749992";"29,792"
2021;04/03/2021;SHAMPOO ACONDICIONADOR Y TRATAMIENTO;SHAMPOO COSMETICOS;SHAMPOO CABELLO IL SALONE;100147244;SHAMPOO IL SALONE MAGNIFICENT 500 ML;FYBECA;651;FYBECA MACHALA;1;"37,3749992";"29,792"
2021;04/03/2021;SHAMPOO ACONDICIONADOR Y TRATAMIENTO;SHAMPOO COSMETICOS;SHAMPOO CABELLO IL SALONE;100147244;SHAMPOO IL SALONE MAGNIFICENT 500 ML;FYBECA;1441;FYBECA RIO ZAMORA;1;"37,3749992";"29,792"
2021;04/03/2021;SHAMPOO ACONDICIONADOR Y TRATAMIENTO;SHAMPOO COSMETICOS;SHAMPOO CABELLO IL SALONE;100147244;SHAMPOO IL SALONE MAGNIFICENT 500 ML;FYBECA;1736;FYBECA TORRES MEDICAS;1;"37,3749992";"29,792"
2021;05/03/2021;SHAMPOO ACONDICIONADOR Y TRATAMIENTO;SHAMPOO COSMETICOS;SHAMPOO CABELLO IL SALONE;100147244;SHAMPOO IL SALONE MAGNIFICENT 500 ML;FYBECA;45;FYBECA ALBORADA;1;"38,0000012";"29,792"
2021;06/03/2021;SHAMPOO ACONDICIONADOR Y TRATAMIENTO;SHAMPOO COSMETICOS;SHAMPOO CABELLO IL SALONE;100147244;SHAMPOO IL SALONE MAGNIFICENT 500 ML;FYBECA;15;FYBECA CORUÑA;1;"37,3749992";"29,792"
2021;06/03/2021;SHAMPOO ACONDICIONADOR Y TRATAMIENTO;SHAMPOO COSMETICOS;SHAMPOO CABELLO IL SALONE;100147244;SHAMPOO IL SALONE MAGNIFICENT 500 ML;FYBECA;29;FYBECA PLAZA NORTE;1;"30,4000004";"29,792"
2021;06/03/2021;SHAMPOO ACONDICIONADOR Y TRATAMIENTO;SHAMPOO COSMETICOS;SHAMPOO CABELLO IL SALONE;100147244;SHAMPOO IL SALONE MAGNIFICENT 500 ML;FYBECA;1271;FYBECA SAN LUIS SHOPPING;1;"30,4000004";"29,792"
2021;06/03/2021;SHAMPOO ACONDICIONADOR Y TRATAMIENTO;SHAMPOO COSMETICOS;SHAMPOO CABELLO IL SALONE;100147244;SHAMPOO IL SALONE MAGNIFICENT 500 ML;FYBECA;1505;FYBECA EL CONDADO;1;"30,4000004";"29,792"
2021;06/03/2021;SHAMPOO ACONDICIONADOR Y TRATAMIENTO;SHAMPOO COSMETICOS;SHAMPOO CABELLO IL SALONE;100147244;SHAMPOO IL SALONE MAGNIFICENT 500 ML;FYBECA;1685;FYBECA VILLAGE PLAZA;1;"38,0000012";"29,792"
2021;06/03/2021;SHAMPOO ACONDICIONADOR Y TRATAMIENTO;SHAMPOO COSMETICOS;SHAMPOO CABELLO IL SALONE;100147244;SHAMPOO IL SALONE MAGNIFICENT 500 ML;FYBECA;71879;FYBECA EL PORTAL SHOPPING;1;"30,4000004";"29,792"
2021;07/03/2021;SHAMPOO ACONDICIONADOR Y TRATAMIENTO;SHAMPOO COSMETICOS;SHAMPOO CABELLO IL SALONE;100147244;SHAMPOO IL SALONE MAGNIFICENT 500 ML;FYBECA;33;FYBECA EL INCA;1;"37,3749992";"29,792"
2021;07/03/2021;SHAMPOO ACONDICIONADOR Y TRATAMIENTO;SHAMPOO COSMETICOS;SHAMPOO CABELLO IL SALONE;100147244;SHAMPOO IL SALONE MAGNIFICENT 500 ML;FYBECA;45;FYBECA ALBORADA;1;"37,3749992";"29,792"
2021;07/03/2021;SHAMPOO ACONDICIONADOR Y TRATAMIENTO;SHAMPOO COSMETICOS;SHAMPOO CABELLO IL SALONE;100147244;SHAMPOO IL SALONE MAGNIFICENT 500 ML;FYBECA;84;FYBECA MANICENTRO;1;"30,4000004";"29,792"
2021;07/03/2021;SHAMPOO ACONDICIONADOR Y TRATAMIENTO;SHAMPOO COSMETICOS;SHAMPOO CABELLO IL SALONE;100147244;SHAMPOO IL SALONE MAGNIFICENT 500 ML;FYBECA;1914;FYBECA PASEO SAN FRANCISCO;0;0;0
2021;10/03/2021;SHAMPOO ACONDICIONADOR Y TRATAMIENTO;SHAMPOO COSMETICOS;SHAMPOO CABELLO IL SALONE;100147244;SHAMPOO IL SALONE MAGNIFICENT 500 ML;FYBECA;1734;FYBECA QUICENTRO SUR;1;"37,3749992";"29,792"
2021;11/03/2021;SHAMPOO ACONDICIONADOR Y TRATAMIENTO;SHAMPOO COSMETICOS;SHAMPOO CABELLO IL SALONE;100147244;SHAMPOO IL SALONE MAGNIFICENT 500 ML;FYBECA;19;FYBECA QUICENTRO;1;"37,3749992";"29,792"
2021;11/03/2021;SHAMPOO ACONDICIONADOR Y TRATAMIENTO;SHAMPOO COSMETICOS;SHAMPOO CABELLO IL SALONE;100147244;SHAMPOO IL SALONE MAGNIFICENT 500 ML;FYBECA;1929;FYBECA PLAZA COLONIA;1;"37,3749992";"29,792"
2021;11/03/2021;SHAMPOO ACONDICIONADOR Y TRATAMIENTO;SHAMPOO COSMETICOS;SHAMPOO CABELLO IL SALONE;100147244;SHAMPOO IL SALONE MAGNIFICENT 500 ML;FYBECA;2075;FYBECA LAS MONJAS;1;"37,3749992";"29,792"
2021;11/03/2021;SHAMPOO ACONDICIONADOR Y TRATAMIENTO;SHAMPOO COSMETICOS;SHAMPOO CABELLO IL SALONE;100147244;SHAMPOO IL SALONE MAGNIFICENT 500 ML;FYBECA;71863;FYBECA ROMERIA PLAZA;0;0;0
2021;12/03/2021;SHAMPOO ACONDICIONADOR Y TRATAMIENTO;SHAMPOO COSMETICOS;SHAMPOO CABELLO IL SALONE;100147244;SHAMPOO IL SALONE MAGNIFICENT 500 ML;FYBECA;19;FYBECA QUICENTRO;1;"30,4000004";"29,792"
2021;12/03/2021;SHAMPOO ACONDICIONADOR Y TRATAMIENTO;SHAMPOO COSMETICOS;SHAMPOO CABELLO IL SALONE;100147244;SHAMPOO IL SALONE MAGNIFICENT 500 ML;FYBECA;1770;FYBECA ORELLANA II;1;"30,4000004";"29,792"
2021;13/03/2021;SHAMPOO ACONDICIONADOR Y TRATAMIENTO;SHAMPOO COSMETICOS;SHAMPOO CABELLO IL SALONE;100147244;SHAMPOO IL SALONE MAGNIFICENT 500 ML;FYBECA;26;FYBECA EL BOSQUE;1;"30,4000004";"29,792"
2021;13/03/2021;SHAMPOO ACONDICIONADOR Y TRATAMIENTO;SHAMPOO COSMETICOS;SHAMPOO CABELLO IL SALONE;100147244;SHAMPOO IL SALONE MAGNIFICENT 500 ML;FYBECA;45;FYBECA ALBORADA;1;"30,4000004";"29,792"
2021;13/03/2021;SHAMPOO ACONDICIONADOR Y TRATAMIENTO;SHAMPOO COSMETICOS;SHAMPOO CABELLO IL SALONE;100147244;SHAMPOO IL SALONE MAGNIFICENT 500 ML;FYBECA;48;FYBECA 9 DE OCTUBRE;1;"30,4000004";"29,792"
2021;13/03/2021;SHAMPOO ACONDICIONADOR Y TRATAMIENTO;SHAMPOO COSMETICOS;SHAMPOO CABELLO IL SALONE;100147244;SHAMPOO IL SALONE MAGNIFICENT 500 ML;FYBECA;71910;FYBECA ILALO;1;"30,4000004";"29,792"
2021;13/03/2021;SHAMPOO ACONDICIONADOR Y TRATAMIENTO;SHAMPOO COSMETICOS;SHAMPOO CABELLO IL SALONE;100147244;SHAMPOO IL SALONE MAGNIFICENT 500 ML;FYBECA;72016;FYBECA RIOCENTRO LOS CEIBOS 2;1;"30,4000004";"29,792"
2021;14/03/2021;SHAMPOO ACONDICIONADOR Y TRATAMIENTO;SHAMPOO COSMETICOS;SHAMPOO CABELLO IL SALONE;100147244;SHAMPOO IL SALONE MAGNIFICENT 500 ML;FYBECA;79;FYBECA GRAN COLOMBIA;1;"37,3749992";"29,792"
2021;15/03/2021;SHAMPOO ACONDICIONADOR Y TRATAMIENTO;SHAMPOO COSMETICOS;SHAMPOO CABELLO IL SALONE;100147244;SHAMPOO IL SALONE MAGNIFICENT 500 ML;FYBECA;140;FYBECA SAN MARINO;1;"22,7999996";"29,792"
2021;15/03/2021;SHAMPOO ACONDICIONADOR Y TRATAMIENTO;SHAMPOO COSMETICOS;SHAMPOO CABELLO IL SALONE;100147244;SHAMPOO IL SALONE MAGNIFICENT 500 ML;FYBECA;1704;FYBECA CENTRO LOJA;2;"45,5999992";"59,584"
2021;15/03/2021;SHAMPOO ACONDICIONADOR Y TRATAMIENTO;SHAMPOO COSMETICOS;SHAMPOO CABELLO IL SALONE;100147244;SHAMPOO IL SALONE MAGNIFICENT 500 ML;FYBECA;2075;FYBECA LAS MONJAS;1;"22,7999996";"29,792"
2021;16/03/2021;SHAMPOO ACONDICIONADOR Y TRATAMIENTO;SHAMPOO COSMETICOS;SHAMPOO CABELLO IL SALONE;100147244;SHAMPOO IL SALONE MAGNIFICENT 500 ML;FYBECA;128;FYBECA SALINAS;1;"22,7999996";"29,792"
2021;16/03/2021;SHAMPOO ACONDICIONADOR Y TRATAMIENTO;SHAMPOO COSMETICOS;SHAMPOO CABELLO IL SALONE;100147244;SHAMPOO IL SALONE MAGNIFICENT 500 ML;FYBECA;791;FYBECA MALL DE LOS ANDES;1;"22,7999996";"29,792"
2021;16/03/2021;SHAMPOO ACONDICIONADOR Y TRATAMIENTO;SHAMPOO COSMETICOS;SHAMPOO CABELLO IL SALONE;100147244;SHAMPOO IL SALONE MAGNIFICENT 500 ML;FYBECA;72048;FYBECA MALL DEL RIO NORTE;1;"22,7999996";"29,792"
2021;17/03/2021;SHAMPOO ACONDICIONADOR Y TRATAMIENTO;SHAMPOO COSMETICOS;SHAMPOO CABELLO IL SALONE;100147244;SHAMPOO IL SALONE MAGNIFICENT 500 ML;FYBECA;45;FYBECA ALBORADA;2;"45,5999992";"59,584"
2021;17/03/2021;SHAMPOO ACONDICIONADOR Y TRATAMIENTO;SHAMPOO COSMETICOS;SHAMPOO CABELLO IL SALONE;100147244;SHAMPOO IL SALONE MAGNIFICENT 500 ML;FYBECA;1685;FYBECA VILLAGE PLAZA;1;"22,7999996";"29,792"
2021;18/03/2021;SHAMPOO ACONDICIONADOR Y TRATAMIENTO;SHAMPOO COSMETICOS;SHAMPOO CABELLO IL SALONE;100147244;SHAMPOO IL SALONE MAGNIFICENT 500 ML;FYBECA;79;FYBECA GRAN COLOMBIA;1;"22,7999996";"29,792"
2021;18/03/2021;SHAMPOO ACONDICIONADOR Y TRATAMIENTO;SHAMPOO COSMETICOS;SHAMPOO CABELLO IL SALONE;100147244;SHAMPOO IL SALONE MAGNIFICENT 500 ML;FYBECA;1135;FYBECA POLICENTRO;1;"22,7999996";"29,792"
2021;19/03/2021;SHAMPOO ACONDICIONADOR Y TRATAMIENTO;SHAMPOO COSMETICOS;SHAMPOO CABELLO IL SALONE;100147244;SHAMPOO IL SALONE MAGNIFICENT 500 ML;FYBECA;1461;FYBECA SAN RAFAEL;1;"22,7999996";"29,792"
2021;19/03/2021;SHAMPOO ACONDICIONADOR Y TRATAMIENTO;SHAMPOO COSMETICOS;SHAMPOO CABELLO IL SALONE;100147244;SHAMPOO IL SALONE MAGNIFICENT 500 ML;FYBECA;71773;FYBECA PORTO REAL;1;"22,7999996";"29,792"
2021;19/03/2021;SHAMPOO ACONDICIONADOR Y TRATAMIENTO;SHAMPOO COSMETICOS;SHAMPOO CABELLO IL SALONE;100147244;SHAMPOO IL SALONE MAGNIFICENT 500 ML;FYBECA;72048;FYBECA MALL DEL RIO NORTE;1;"22,7999996";"29,792"
2021;20/03/2021;SHAMPOO ACONDICIONADOR Y TRATAMIENTO;SHAMPOO COSMETICOS;SHAMPOO CABELLO IL SALONE;100147244;SHAMPOO IL SALONE MAGNIFICENT 500 ML;FYBECA;26;FYBECA EL BOSQUE;1;"22,7999996";"29,792"
2021;20/03/2021;SHAMPOO ACONDICIONADOR Y TRATAMIENTO;SHAMPOO COSMETICOS;SHAMPOO CABELLO IL SALONE;100147244;SHAMPOO IL SALONE MAGNIFICENT 500 ML;FYBECA;95;FYBECA LOS MANGOS;1;"22,7999996";"29,792"
2021;20/03/2021;SHAMPOO ACONDICIONADOR Y TRATAMIENTO;SHAMPOO COSMETICOS;SHAMPOO CABELLO IL SALONE;100147244;SHAMPOO IL SALONE MAGNIFICENT 500 ML;FYBECA;141;FYBECA REMIGIO CRESPO;1;"22,7999996";"29,792"
2021;20/03/2021;SHAMPOO ACONDICIONADOR Y TRATAMIENTO;SHAMPOO COSMETICOS;SHAMPOO CABELLO IL SALONE;100147244;SHAMPOO IL SALONE MAGNIFICENT 500 ML;FYBECA;2075;FYBECA LAS MONJAS;1;"22,7999996";"29,792"
2021;20/03/2021;SHAMPOO ACONDICIONADOR Y TRATAMIENTO;SHAMPOO COSMETICOS;SHAMPOO CABELLO IL SALONE;100147244;SHAMPOO IL SALONE MAGNIFICENT 500 ML;FYBECA;71071;FYBECA OTAVALO;1;"22,7999996";"29,792"
2021;20/03/2021;SHAMPOO ACONDICIONADOR Y TRATAMIENTO;SHAMPOO COSMETICOS;SHAMPOO CABELLO IL SALONE;100147244;SHAMPOO IL SALONE MAGNIFICENT 500 ML;FYBECA;72068;FYBECA TRES PUENTES;1;"22,7999996";"29,792"
2021;21/03/2021;SHAMPOO ACONDICIONADOR Y TRATAMIENTO;SHAMPOO COSMETICOS;SHAMPOO CABELLO IL SALONE;100147244;SHAMPOO IL SALONE MAGNIFICENT 500 ML;FYBECA;31;FYBECA CARCELEN;1;"22,7999996";"29,792"
2021;21/03/2021;SHAMPOO ACONDICIONADOR Y TRATAMIENTO;SHAMPOO COSMETICOS;SHAMPOO CABELLO IL SALONE;100147244;SHAMPOO IL SALONE MAGNIFICENT 500 ML;FYBECA;60;FYBECA MALL DEL SOL;1;"22,7999996";"29,792"
2021;21/03/2021;SHAMPOO ACONDICIONADOR Y TRATAMIENTO;SHAMPOO COSMETICOS;SHAMPOO CABELLO IL SALONE;100147244;SHAMPOO IL SALONE MAGNIFICENT 500 ML;FYBECA;671;FYBECA MALL DEL SUR;1;"22,7999996";"29,792"
2021;21/03/2021;SHAMPOO ACONDICIONADOR Y TRATAMIENTO;SHAMPOO COSMETICOS;SHAMPOO CABELLO IL SALONE;100147244;SHAMPOO IL SALONE MAGNIFICENT 500 ML;FYBECA;1901;FYBECA SCALA;1;"22,7999996";"29,792"
2021;21/03/2021;SHAMPOO ACONDICIONADOR Y TRATAMIENTO;SHAMPOO COSMETICOS;SHAMPOO CABELLO IL SALONE;100147244;SHAMPOO IL SALONE MAGNIFICENT 500 ML;FYBECA;2075;FYBECA LAS MONJAS;1;"22,7999996";"29,792"
2021;22/03/2021;SHAMPOO ACONDICIONADOR Y TRATAMIENTO;SHAMPOO COSMETICOS;SHAMPOO CABELLO IL SALONE;100147244;SHAMPOO IL SALONE MAGNIFICENT 500 ML;FYBECA;45;FYBECA ALBORADA;1;"22,7999996";"29,792"
2021;22/03/2021;SHAMPOO ACONDICIONADOR Y TRATAMIENTO;SHAMPOO COSMETICOS;SHAMPOO CABELLO IL SALONE;100147244;SHAMPOO IL SALONE MAGNIFICENT 500 ML;FYBECA;95;FYBECA LOS MANGOS;1;"22,7999996";"29,792"
2021;22/03/2021;SHAMPOO ACONDICIONADOR Y TRATAMIENTO;SHAMPOO COSMETICOS;SHAMPOO CABELLO IL SALONE;100147244;SHAMPOO IL SALONE MAGNIFICENT 500 ML;FYBECA;1770;FYBECA ORELLANA II;2;"45,5999992";"59,584"
2021;22/03/2021;SHAMPOO ACONDICIONADOR Y TRATAMIENTO;SHAMPOO COSMETICOS;SHAMPOO CABELLO IL SALONE;100147244;SHAMPOO IL SALONE MAGNIFICENT 500 ML;FYBECA;71773;FYBECA PORTO REAL;1;"22,7999996";"29,792"
2021;22/03/2021;SHAMPOO ACONDICIONADOR Y TRATAMIENTO;SHAMPOO COSMETICOS;SHAMPOO CABELLO IL SALONE;100147244;SHAMPOO IL SALONE MAGNIFICENT 500 ML;FYBECA;72039;FYBECA CORAL MANTA;1;"22,7999996";"29,792"
2021;22/03/2021;SHAMPOO ACONDICIONADOR Y TRATAMIENTO;SHAMPOO COSMETICOS;SHAMPOO CABELLO IL SALONE;100147244;SHAMPOO IL SALONE MAGNIFICENT 500 ML;FYBECA;72047;FYBECA GALES;1;"22,7999996";"29,792"
2021;22/03/2021;SHAMPOO ACONDICIONADOR Y TRATAMIENTO;SHAMPOO COSMETICOS;SHAMPOO CABELLO IL SALONE;100147244;SHAMPOO IL SALONE MAGNIFICENT 500 ML;FYBECA;72061;FYBECA LELIA;1;"22,7999996";"29,792"
2021;23/03/2021;SHAMPOO ACONDICIONADOR Y TRATAMIENTO;SHAMPOO COSMETICOS;SHAMPOO CABELLO IL SALONE;100147244;SHAMPOO IL SALONE MAGNIFICENT 500 ML;FYBECA;80;FYBECA EL VERGEL;1;"22,7999996";"29,792"
2021;23/03/2021;SHAMPOO ACONDICIONADOR Y TRATAMIENTO;SHAMPOO COSMETICOS;SHAMPOO CABELLO IL SALONE;100147244;SHAMPOO IL SALONE MAGNIFICENT 500 ML;FYBECA;141;FYBECA REMIGIO CRESPO;1;"22,7999996";"29,792"
2021;23/03/2021;SHAMPOO ACONDICIONADOR Y TRATAMIENTO;SHAMPOO COSMETICOS;SHAMPOO CABELLO IL SALONE;100147244;SHAMPOO IL SALONE MAGNIFICENT 500 ML;FYBECA;671;FYBECA MALL DEL SUR;1;"22,7999996";"29,792"
2021;23/03/2021;SHAMPOO ACONDICIONADOR Y TRATAMIENTO;SHAMPOO COSMETICOS;SHAMPOO CABELLO IL SALONE;100147244;SHAMPOO IL SALONE MAGNIFICENT 500 ML;FYBECA;72068;FYBECA TRES PUENTES;1;"22,7999996";"29,792"
2021;25/03/2021;SHAMPOO ACONDICIONADOR Y TRATAMIENTO;SHAMPOO COSMETICOS;SHAMPOO CABELLO IL SALONE;100147244;SHAMPOO IL SALONE MAGNIFICENT 500 ML;FYBECA;140;FYBECA SAN MARINO;1;"22,7999996";"29,792"
2021;25/03/2021;SHAMPOO ACONDICIONADOR Y TRATAMIENTO;SHAMPOO COSMETICOS;SHAMPOO CABELLO IL SALONE;100147244;SHAMPOO IL SALONE MAGNIFICENT 500 ML;FYBECA;1441;FYBECA RIO ZAMORA;1;"22,7999996";"29,792"
2021;25/03/2021;SHAMPOO ACONDICIONADOR Y TRATAMIENTO;SHAMPOO COSMETICOS;SHAMPOO CABELLO IL SALONE;100147244;SHAMPOO IL SALONE MAGNIFICENT 500 ML;FYBECA;1811;FYBECA CITY MALL;1;"22,7999996";"29,792"
2021;25/03/2021;SHAMPOO ACONDICIONADOR Y TRATAMIENTO;SHAMPOO COSMETICOS;SHAMPOO CABELLO IL SALONE;100147244;SHAMPOO IL SALONE MAGNIFICENT 500 ML;FYBECA;1914;FYBECA PASEO SAN FRANCISCO;1;"22,7999996";"29,792"
2021;26/03/2021;SHAMPOO ACONDICIONADOR Y TRATAMIENTO;SHAMPOO COSMETICOS;SHAMPOO CABELLO IL SALONE;100147244;SHAMPOO IL SALONE MAGNIFICENT 500 ML;FYBECA;135;FYBECA GARZOTA 2;1;"38,0000012";"29,792"
2021;27/03/2021;SHAMPOO ACONDICIONADOR Y TRATAMIENTO;SHAMPOO COSMETICOS;SHAMPOO CABELLO IL SALONE;100147244;SHAMPOO IL SALONE MAGNIFICENT 500 ML;FYBECA;15;FYBECA CORUÑA;1;"22,7999996";"29,792"
2021;27/03/2021;SHAMPOO ACONDICIONADOR Y TRATAMIENTO;SHAMPOO COSMETICOS;SHAMPOO CABELLO IL SALONE;100147244;SHAMPOO IL SALONE MAGNIFICENT 500 ML;FYBECA;631;FYBECA GRANADOS;1;"22,7999996";"29,792"
2021;28/03/2021;SHAMPOO ACONDICIONADOR Y TRATAMIENTO;SHAMPOO COSMETICOS;SHAMPOO CABELLO IL SALONE;100147244;SHAMPOO IL SALONE MAGNIFICENT 500 ML;FYBECA;1;FYBECA BATAN;1;"22,7999996";"29,792"
2021;28/03/2021;SHAMPOO ACONDICIONADOR Y TRATAMIENTO;SHAMPOO COSMETICOS;SHAMPOO CABELLO IL SALONE;100147244;SHAMPOO IL SALONE MAGNIFICENT 500 ML;FYBECA;1901;FYBECA SCALA;2;"45,5999992";"59,584"
2021;28/03/2021;SHAMPOO ACONDICIONADOR Y TRATAMIENTO;SHAMPOO COSMETICOS;SHAMPOO CABELLO IL SALONE;100147244;SHAMPOO IL SALONE MAGNIFICENT 500 ML;FYBECA;71910;FYBECA ILALO;1;"22,7999996";"29,792"
2021;28/03/2021;SHAMPOO ACONDICIONADOR Y TRATAMIENTO;SHAMPOO COSMETICOS;SHAMPOO CABELLO IL SALONE;100147244;SHAMPOO IL SALONE MAGNIFICENT 500 ML;FYBECA;72068;FYBECA TRES PUENTES;1;"22,7999996";"29,792"
2021;29/03/2021;SHAMPOO ACONDICIONADOR Y TRATAMIENTO;SHAMPOO COSMETICOS;SHAMPOO CABELLO IL SALONE;100147244;SHAMPOO IL SALONE MAGNIFICENT 500 ML;FYBECA;2;FYBECA JARDIN;1;"22,7999996";"29,792"
2021;29/03/2021;SHAMPOO ACONDICIONADOR Y TRATAMIENTO;SHAMPOO COSMETICOS;SHAMPOO CABELLO IL SALONE;100147244;SHAMPOO IL SALONE MAGNIFICENT 500 ML;FYBECA;12;FYBECA PLAZA DE LAS AMERICAS;1;"22,7999996";"29,792"
2021;29/03/2021;SHAMPOO ACONDICIONADOR Y TRATAMIENTO;SHAMPOO COSMETICOS;SHAMPOO CABELLO IL SALONE;100147244;SHAMPOO IL SALONE MAGNIFICENT 500 ML;FYBECA;1538;FYBECA VILLA CLUB;1;"22,7999996";"29,792"
2021;29/03/2021;SHAMPOO ACONDICIONADOR Y TRATAMIENTO;SHAMPOO COSMETICOS;SHAMPOO CABELLO IL SALONE;100147244;SHAMPOO IL SALONE MAGNIFICENT 500 ML;FYBECA;1811;FYBECA CITY MALL;1;"22,7999996";"29,792"
2021;30/03/2021;SHAMPOO ACONDICIONADOR Y TRATAMIENTO;SHAMPOO COSMETICOS;SHAMPOO CABELLO IL SALONE;100147244;SHAMPOO IL SALONE MAGNIFICENT 500 ML;FYBECA;93;FYBECA BOLIVAR;1;"22,7999996";"29,792"
2021;30/03/2021;SHAMPOO ACONDICIONADOR Y TRATAMIENTO;SHAMPOO COSMETICOS;SHAMPOO CABELLO IL SALONE;100147244;SHAMPOO IL SALONE MAGNIFICENT 500 ML;FYBECA;72061;FYBECA LELIA;1;"22,7999996";"29,792"
2021;31/03/2021;SHAMPOO ACONDICIONADOR Y TRATAMIENTO;SHAMPOO COSMETICOS;SHAMPOO CABELLO IL SALONE;100147244;SHAMPOO IL SALONE MAGNIFICENT 500 ML;FYBECA;17;FYBECA PLAZA DE TOROS;2;"45,5999992";"59,584"
2021;31/03/2021;SHAMPOO ACONDICIONADOR Y TRATAMIENTO;SHAMPOO COSMETICOS;SHAMPOO CABELLO IL SALONE;100147244;SHAMPOO IL SALONE MAGNIFICENT 500 ML;FYBECA;128;FYBECA SALINAS;1;"22,7999996";"29,792"
2021;31/03/2021;SHAMPOO ACONDICIONADOR Y TRATAMIENTO;SHAMPOO COSMETICOS;SHAMPOO CABELLO IL SALONE;100147244;SHAMPOO IL SALONE MAGNIFICENT 500 ML;FYBECA;651;FYBECA MACHALA;1;"22,7999996";"29,792"
2021;31/03/2021;SHAMPOO ACONDICIONADOR Y TRATAMIENTO;SHAMPOO COSMETICOS;SHAMPOO CABELLO IL SALONE;100147244;SHAMPOO IL SALONE MAGNIFICENT 500 ML;FYBECA;1505;FYBECA EL CONDADO;1;"22,7999996";"29,792"
